CustomerID,Recency,Frequency,MonetaryValue,R_Score,F_Score,M_Score,RFM_Segment,Segment
12347,156,1,401.7,3,1,2,31,About to Sleep
12348,194,3,3036.04,3,5,5,35,Loyal Customers
12349,231,1,695.57,2,1,2,21,Hibernating
12350,222,1,269.74,2,1,1,21,Hibernating
12354,325,1,2555.9399999999996,1,1,5,11,Hibernating
12355,42,2,364.93,5,4,2,54,Champions
12359,142,1,391.43,3,1,2,31,About to Sleep
12367,341,1,650.99,1,1,2,11,Hibernating
12369,257,1,1869.48,2,1,4,21,Hibernating
12372,253,2,1812.33,2,4,4,24,At-Risk
12374,17,2,1197.5600000000002,5,4,3,54,Champions
12382,129,1,1579.1499999999999,4,1,4,41,Promising
12397,183,2,1018.1700000000001,3,4,3,34,Loyal Customers
12398,267,1,1086.06,2,1,3,21,Hibernating
12400,108,1,718.51,4,1,2,41,Promising
12401,133,1,1239.57,3,1,4,31,About to Sleep
12402,210,1,37.410000000000004,2,1,1,21,Hibernating
12403,235,1,2881.1499999999996,2,1,5,21,Hibernating
12407,146,1,2914.9300000000003,3,1,5,31,About to Sleep
12412,342,1,291.81,1,1,1,11,Hibernating
12413,182,2,4477.77,3,4,5,34,Loyal Customers
12414,144,1,629.1,3,1,2,31,About to Sleep
12416,81,1,603.0899999999999,4,1,2,41,Promising
12419,15,2,4586.08,5,4,5,54,Champions
12421,241,1,300.22,2,1,1,21,Hibernating
12422,9,2,939.23,5,4,3,54,Champions
12423,260,1,1400.34,2,1,4,21,Hibernating
12427,356,1,82.17,1,1,1,11,Hibernating
12431,135,1,2025.15,3,1,5,31,About to Sleep
12432,47,2,1510.03,5,4,4,54,Champions
12434,341,1,69.06,1,1,1,11,Hibernating
12437,44,1,377.41999999999996,5,1,2,51,New Customers
12438,285,1,1035.95,1,1,3,11,Hibernating
12446,167,1,792.01,3,1,3,31,About to Sleep
12450,41,1,2305.98,5,1,5,51,New Customers
12454,234,1,1862.0300000000002,2,1,4,21,Hibernating
12455,234,3,867.1999999999999,2,5,3,25,Cannot Lose Them
12456,361,1,903.1099999999999,1,1,3,11,Hibernating
12457,204,1,462.24,3,1,2,31,About to Sleep
12463,249,1,978.0,2,1,3,21,Hibernating
12465,362,1,884.9399999999999,1,1,3,11,Hibernating
12467,57,1,1994.7,5,1,4,51,New Customers
12469,304,1,5136.62,1,1,5,11,Hibernating
12472,113,1,1601.59,4,1,4,41,Promising
12474,228,1,1471.1999999999998,2,1,4,21,Hibernating
12478,207,1,2115.13,3,1,5,31,About to Sleep
12480,345,1,275.9,1,1,1,11,Hibernating
12483,104,2,2696.12,4,4,5,44,Loyal Customers
12485,110,1,486.85,4,1,2,41,Promising
12487,210,1,794.47,2,1,3,21,Hibernating
12492,42,2,2000.46,5,4,5,54,Champions
12496,111,2,165.20999999999998,4,4,1,44,Loyal Customers
12498,175,1,486.57000000000005,3,1,2,31,About to Sleep
12501,210,1,945.4699999999999,2,1,3,21,Hibernating
12504,65,1,2988.51,4,1,5,41,Promising
12506,110,2,803.06,4,4,3,44,Loyal Customers
12507,22,1,1528.09,5,1,4,51,New Customers
12508,35,1,1836.3999999999999,5,1,4,51,New Customers
12509,158,1,81.81,3,1,1,31,About to Sleep
12510,295,1,1420.33,1,1,4,11,Hibernating
12514,191,1,276.02,3,1,1,31,About to Sleep
12519,116,1,49.13,4,1,1,41,Promising
12526,276,1,322.5,2,1,1,21,Hibernating
12531,11,2,1534.8400000000001,5,4,4,54,Champions
12534,147,1,579.15,3,1,2,31,About to Sleep
12535,91,2,2265.27,4,4,5,44,Loyal Customers
12536,120,1,351.4,4,1,1,41,Promising
12548,113,1,593.76,4,1,2,41,Promising
12549,2,2,2259.69,5,4,5,54,Champions
12551,159,1,1491.42,3,1,4,31,About to Sleep
12554,234,2,910.55,2,4,3,24,At-Risk
12560,354,1,1204.7199999999998,1,1,3,11,Hibernating
12562,201,2,408.65000000000003,3,4,2,34,Loyal Customers
12565,9,2,6803.79,5,4,5,54,Champions
12567,202,1,342.34000000000003,3,1,1,31,About to Sleep
12573,222,2,569.22,2,4,2,24,At-Risk
12575,112,1,84.49000000000001,4,1,1,41,Promising
12579,284,1,1185.52,1,1,3,11,Hibernating
12580,29,1,924.95,5,1,3,51,New Customers
12586,102,1,174.69,4,1,1,41,Promising
12588,237,2,2918.4900000000002,2,4,5,24,At-Risk
12589,239,1,968.3600000000001,2,1,3,21,Hibernating
12591,222,1,406.05,2,1,2,21,Hibernating
12592,223,1,242.74,2,1,1,21,Hibernating
12593,74,1,590.1600000000001,4,1,2,41,Promising
12594,211,2,500.61,2,4,2,24,At-Risk
12595,211,3,908.78,2,5,3,25,Cannot Lose Them
12597,175,1,176.61,3,1,1,31,About to Sleep
12601,310,1,2273.41,1,1,5,11,Hibernating
12602,67,1,370.09,4,1,2,41,Promising
12605,52,3,3033.63,5,5,5,55,Champions
12606,164,1,92.64,3,1,1,31,About to Sleep
12607,267,3,425.41,2,5,2,25,Cannot Lose Them
12612,332,1,1805.5100000000002,1,1,4,11,Hibernating
12613,6,1,102.60000000000001,5,1,1,51,New Customers
12621,266,1,986.4,2,1,3,21,Hibernating
12622,108,1,641.1,4,1,2,41,Promising
12623,34,1,1121.1299999999999,5,1,3,51,New Customers
12624,252,1,205.38,2,1,1,21,Hibernating
12632,291,1,605.9,1,1,2,11,Hibernating
12635,114,1,1027.49,4,1,3,41,Promising
12638,120,3,1720.1499999999999,4,5,4,45,Loyal Customers
12641,320,1,441.15999999999997,1,1,2,11,Hibernating
12648,146,1,2836.7,3,1,5,31,About to Sleep
12653,114,1,2097.58,4,1,5,41,Promising
12654,350,1,845.28,1,1,3,11,Hibernating
12655,189,1,1884.71,3,1,4,31,About to Sleep
12656,5,2,258.11999999999995,5,4,1,54,Champions
12665,14,1,368.07,5,1,2,51,New Customers
12670,253,1,258.40999999999997,2,1,1,21,Hibernating
12671,223,1,276.9,2,1,1,21,Hibernating
12676,345,1,279.62,1,1,1,11,Hibernating
12678,53,2,1798.75,5,4,4,54,Champions
12692,90,1,550.03,4,1,2,41,Promising
12694,67,3,1626.8799999999999,4,5,4,45,Loyal Customers
12695,106,1,1721.3000000000002,4,1,4,41,Promising
12696,139,1,964.66,3,1,3,31,About to Sleep
12702,288,2,1634.8100000000002,1,4,4,14,At-Risk
12708,148,1,139.8,3,1,1,31,About to Sleep
12713,339,1,1147.23,1,1,3,11,Hibernating
12715,98,1,313.5,4,1,1,41,Promising
12716,197,2,2389.51,3,4,5,34,Loyal Customers
12717,57,1,1000.97,5,1,3,51,New Customers
12718,222,2,2377.27,2,4,5,24,At-Risk
12721,5,2,707.86,5,4,2,54,Champions
12724,218,1,1045.35,2,1,3,21,Hibernating
12729,158,2,4978.15,3,4,5,34,Loyal Customers
12732,335,1,35.96,1,1,1,11,Hibernating
12733,262,1,1411.3200000000002,2,1,4,21,Hibernating
12735,115,2,6886.79,4,4,5,44,Loyal Customers
12736,284,1,1366.6799999999998,1,1,4,11,Hibernating
12739,8,2,2826.53,5,4,5,54,Champions
12740,324,1,273.92,1,1,1,11,Hibernating
12741,253,1,1337.98,2,1,4,21,Hibernating
12743,279,1,1016.47,2,1,3,21,Hibernating
12746,5,2,2496.28,5,4,5,54,Champions
12757,212,1,555.0,2,1,2,21,Hibernating
12759,199,2,743.07,3,4,2,34,Loyal Customers
12761,59,3,1765.4,5,5,4,55,Champions
12766,206,1,1966.16,3,1,4,31,About to Sleep
12768,172,1,1017.2,3,1,3,31,About to Sleep
12769,358,1,1540.77,1,1,4,11,Hibernating
12772,110,3,1537.87,4,5,4,45,Loyal Customers
12774,179,1,2884.94,3,1,5,31,About to Sleep
12777,107,2,797.59,4,4,3,44,Loyal Customers
12781,216,1,980.6999999999999,2,1,3,21,Hibernating
12783,345,1,451.11,1,1,2,11,Hibernating
12786,264,1,2348.02,2,1,5,21,Hibernating
12787,56,1,1443.54,5,1,4,51,New Customers
12788,278,2,3009.8199999999997,2,4,5,24,At-Risk
12790,359,2,167.6,1,4,1,14,At-Risk
12791,330,1,2025.6999999999998,1,1,5,11,Hibernating
12796,90,2,1665.9199999999998,4,4,4,44,Loyal Customers
12797,212,1,1170.0,2,1,3,21,Hibernating
12798,274,1,1368.5699999999997,2,1,4,21,Hibernating
12802,285,1,1966.19,1,1,4,11,Hibernating
12806,334,1,429.43999999999994,1,1,2,11,Hibernating
12811,131,1,471.16,4,1,2,41,Promising
12813,340,1,2759.6,1,1,5,11,Hibernating
12814,145,1,702.0000000000001,3,1,2,31,About to Sleep
12817,129,1,65.76,4,1,1,41,Promising
12820,203,2,1207.55,3,4,3,34,Loyal Customers
12822,168,1,2320.4,3,1,5,31,About to Sleep
12825,80,1,1472.57,4,1,4,41,Promising
12835,99,1,57.85,4,1,1,41,Promising
12837,164,1,843.3699999999999,3,1,3,31,About to Sleep
12840,245,1,42.419999999999995,2,1,1,21,Hibernating
12845,36,2,1480.29,5,4,4,54,Champions
12846,344,1,2808.57,1,1,5,11,Hibernating
12847,35,3,470.51,5,5,2,55,Champions
12850,290,1,836.22,1,1,3,11,Hibernating
12853,148,1,834.97,3,1,3,31,About to Sleep
12854,163,1,534.92,3,1,2,31,About to Sleep
12855,9,2,5935.57,5,4,5,54,Champions
12860,208,1,2999.31,3,1,5,31,About to Sleep
12869,333,1,83.99,1,1,1,11,Hibernating
12873,156,1,1402.2,3,1,4,31,About to Sleep
12874,16,1,896.46,5,1,3,51,New Customers
12876,24,1,58.64,5,1,1,51,New Customers
12879,248,1,570.3299999999999,2,1,2,21,Hibernating
12881,7,1,2672.09,5,1,5,51,New Customers
12884,87,2,64.36000000000001,4,4,1,44,Loyal Customers
12886,210,2,3006.27,2,4,5,24,At-Risk
12888,9,1,2767.91,5,1,5,51,New Customers
12889,8,1,1037.9,5,1,3,51,New Customers
12892,46,1,45.0,5,1,1,51,New Customers
12893,260,1,649.69,2,1,2,21,Hibernating
12896,51,2,1459.3600000000001,5,4,4,54,Champions
12897,86,2,489.68,4,4,2,44,Loyal Customers
12902,132,1,371.38,4,1,2,41,Promising
12903,204,1,624.0,3,1,2,31,About to Sleep
12907,321,1,1608.73,1,1,4,11,Hibernating
12908,225,2,6.07000000000005,2,4,1,24,At-Risk
12916,334,1,1025.33,1,1,3,11,Hibernating
12918,52,1,973.03,5,1,3,51,New Customers
12921,129,1,827.66,4,1,3,41,Promising
12922,188,1,1194.35,3,1,3,31,About to Sleep
12923,144,1,1417.2600000000002,3,1,4,31,About to Sleep
12924,203,1,65.28,3,1,1,31,About to Sleep
12926,54,2,1224.86,5,4,3,54,Champions
12927,282,2,756.0600000000001,1,4,2,14,At-Risk
12935,234,1,930.1600000000001,2,1,3,21,Hibernating
12937,148,3,5357.57,3,5,5,35,Loyal Customers
12950,154,1,1264.69,3,1,4,31,About to Sleep
12951,343,2,1982.75,1,4,4,14,At-Risk
12954,197,2,3531.58,3,4,5,34,Loyal Customers
12958,231,1,808.5799999999999,2,1,3,21,Hibernating
12960,60,1,1088.8500000000001,5,1,3,51,New Customers
12963,24,1,75.44,5,1,1,51,New Customers
12967,167,1,1699.49,3,1,4,31,About to Sleep
12971,29,1,721.68,5,1,2,51,New Customers
12972,291,1,1315.56,1,1,4,11,Hibernating
12984,222,1,807.2,2,1,3,21,Hibernating
12985,223,2,1863.8899999999999,2,4,4,24,At-Risk
12989,295,1,1796.3400000000001,1,1,4,11,Hibernating
12994,179,2,2848.9,3,4,5,34,Loyal Customers
12995,39,1,1684.75,5,1,4,51,New Customers
13001,116,2,2094.6299999999997,4,4,5,44,Loyal Customers
13002,222,1,703.66,2,1,2,21,Hibernating
13003,196,1,102.23999999999998,3,1,1,31,About to Sleep
13011,72,2,1477.81,4,4,4,44,Loyal Customers
13012,221,1,821.1600000000001,2,1,3,21,Hibernating
13013,43,1,2305.73,5,1,5,51,New Customers
13014,329,1,676.1800000000001,1,1,2,11,Hibernating
13021,171,2,2875.98,3,4,5,34,Loyal Customers
13025,262,3,2188.9599999999996,2,5,5,25,Cannot Lose Them
13028,265,1,380.16,2,1,2,21,Hibernating
13034,48,2,1913.61,5,4,4,54,Champions
13035,218,3,1557.79,2,5,4,25,Cannot Lose Them
13036,107,1,1117.83,4,1,3,41,Promising
13037,100,1,28.92,4,1,1,41,Promising
13039,97,2,1051.95,4,4,3,44,Loyal Customers
13040,318,1,2727.13,1,1,5,11,Hibernating
13044,83,1,1575.02,4,1,4,41,Promising
13053,280,1,425.06,2,1,2,21,Hibernating
13057,6,1,823.59,5,1,3,51,New Customers
13065,278,1,907.87,2,1,3,21,Hibernating
13067,305,1,788.98,1,1,3,11,Hibernating
13071,127,1,380.28999999999996,4,1,2,41,Promising
13072,187,1,415.7,3,1,2,31,About to Sleep
13075,218,2,1359.96,2,4,4,24,At-Risk
13082,350,1,731.0,1,1,2,11,Hibernating
13087,211,1,1022.77,2,1,3,21,Hibernating
13088,46,2,2049.8399999999997,5,4,5,54,Champions
13089,266,1,408.27,2,1,2,21,Hibernating
13090,347,1,2614.55,1,1,5,11,Hibernating
13093,194,2,1867.99,3,4,4,34,Loyal Customers
13097,74,1,976.85,4,1,3,41,Promising
13098,147,2,1802.91,3,4,4,34,Loyal Customers
13105,10,2,1616.57,5,4,4,54,Champions
13107,283,1,688.1,1,1,2,11,Hibernating
13113,360,1,1887.6,1,1,4,11,Hibernating
13115,225,2,3277.96,2,4,5,24,At-Risk
13116,95,1,1336.52,4,1,4,41,Promising
13121,345,1,496.0,1,1,2,11,Hibernating
13123,121,1,823.32,4,1,3,41,Promising
13124,298,1,1238.77,1,1,3,11,Hibernating
13127,352,1,489.5999999999999,1,1,2,11,Hibernating
13128,323,1,1716.03,1,1,4,11,Hibernating
13133,155,1,741.6,3,1,2,31,About to Sleep
13138,79,2,1231.47,4,4,3,44,Loyal Customers
13139,7,2,599.03,5,4,2,54,Champions
13142,231,1,1461.2199999999998,2,1,4,21,Hibernating
13143,64,1,718.5899999999999,5,1,2,51,New Customers
13145,337,1,2189.42,1,1,5,11,Hibernating
13148,18,1,1582.46,5,1,4,51,New Customers
13149,106,2,-276.53000000000003,4,4,1,44,Loyal Customers
13150,344,1,317.16,1,1,1,11,Hibernating
13151,110,2,961.29,4,4,3,44,Loyal Customers
13155,133,1,808.65,3,1,3,31,About to Sleep
13157,194,1,1934.3799999999999,3,1,4,31,About to Sleep
13158,275,1,733.3199999999999,2,1,2,21,Hibernating
13161,343,1,720.42,1,1,2,11,Hibernating
13163,159,2,958.4799999999999,3,4,3,34,Loyal Customers
13169,64,1,923.4399999999999,5,1,3,51,New Customers
13172,297,1,528.64,1,1,2,11,Hibernating
13173,103,1,1135.68,4,1,3,41,Promising
13174,179,1,1999.73,3,1,5,31,About to Sleep
13178,28,1,11.16,5,1,1,51,New Customers
13182,241,2,3599.4,2,4,5,24,At-Risk
13185,357,1,841.3700000000001,1,1,3,11,Hibernating
13190,206,1,151.8,3,1,1,31,About to Sleep
13193,200,1,1031.55,3,1,3,31,About to Sleep
13197,280,1,389.49,2,1,2,21,Hibernating
13200,18,1,800.6099999999999,5,1,3,51,New Customers
13201,273,2,947.8900000000001,2,4,3,24,At-Risk
13202,254,1,1260.9199999999998,2,1,4,21,Hibernating
13204,18,1,1160.9099999999999,5,1,3,51,New Customers
13209,21,2,200.13000000000002,5,4,1,54,Champions
13210,116,3,870.43,4,5,3,45,Loyal Customers
13212,223,1,953.26,2,1,3,21,Hibernating
13215,199,2,1317.4,3,4,4,34,Loyal Customers
13218,98,1,476.96,4,1,2,41,Promising
13220,157,1,934.43,3,1,3,31,About to Sleep
13221,353,3,2528.0299999999997,1,5,5,15,Cannot Lose Them
13223,127,3,1949.33,4,5,4,45,Loyal Customers
13224,316,1,631.96,1,1,2,11,Hibernating
13227,79,1,277.2,4,1,1,41,Promising
13232,355,1,324.0,1,1,1,11,Hibernating
13234,72,1,1037.0500000000002,4,1,3,41,Promising
13235,70,2,1929.39,4,4,4,44,Loyal Customers
13238,94,1,2144.66,4,1,5,41,Promising
13240,37,3,1997.45,5,5,4,55,Champions
13241,126,1,287.40999999999997,4,1,1,41,Promising
13242,341,1,2600.46,1,1,5,11,Hibernating
13243,296,1,3364.3599999999997,1,1,5,11,Hibernating
13244,199,1,62.25,3,1,1,31,About to Sleep
13246,338,2,185.55,1,4,1,14,At-Risk
13248,64,3,1284.58,5,5,4,55,Champions
13251,156,1,142.5,3,1,1,31,About to Sleep
13252,214,1,184.68,2,1,1,21,Hibernating
13260,292,1,535.1600000000001,1,1,2,11,Hibernating
13268,227,1,161.95,2,1,1,21,Hibernating
13275,79,2,738.5100000000001,4,4,2,44,Loyal Customers
13276,131,1,260.76,4,1,1,41,Promising
13277,296,1,810.4200000000001,1,1,3,11,Hibernating
13282,175,2,623.21,3,4,2,34,Loyal Customers
13286,274,2,1249.78,2,4,4,24,At-Risk
13287,115,1,1165.54,4,1,3,41,Promising
13288,88,1,37.29,4,1,1,41,Promising
13289,223,1,329.84,2,1,1,21,Hibernating
13296,123,1,426.21999999999997,4,1,2,41,Promising
13301,313,1,93.35000000000001,1,1,1,11,Hibernating
13303,138,1,1317.82,3,1,4,31,About to Sleep
13304,9,1,2438.83,5,1,5,51,New Customers
13308,88,3,879.48,4,5,3,45,Loyal Customers
13309,118,1,647.24,4,1,2,41,Promising
13311,237,1,364.87,2,1,2,21,Hibernating
13312,201,1,1129.8600000000001,3,1,3,31,About to Sleep
13318,19,1,269.39,5,1,1,51,New Customers
13321,91,1,1557.0,4,1,4,41,Promising
13322,350,1,1012.88,1,1,3,11,Hibernating
13324,309,1,179.1,1,1,1,11,Hibernating
13325,350,2,1313.77,1,4,4,14,At-Risk
13329,226,1,1292.91,2,1,4,21,Hibernating
13330,206,1,160.94,3,1,1,31,About to Sleep
13331,98,2,2021.2399999999998,4,4,5,44,Loyal Customers
13338,226,2,2081.84,2,4,5,24,At-Risk
13341,348,1,116.48000000000002,1,1,1,11,Hibernating
13343,173,1,9.36,3,1,1,31,About to Sleep
13344,178,2,951.1,3,4,3,34,Loyal Customers
13346,84,1,2096.73,4,1,5,41,Promising
13347,208,1,1235.99,3,1,3,31,About to Sleep
13351,124,2,3482.31,4,4,5,44,Loyal Customers
13354,179,1,253.0,3,1,1,31,About to Sleep
13357,31,1,925.6,5,1,3,51,New Customers
13361,14,2,1103.79,5,4,3,54,Champions
13362,31,1,370.78,5,1,2,51,New Customers
13371,202,1,923.8599999999999,3,1,3,31,About to Sleep
13379,301,1,953.3,1,1,3,11,Hibernating
13380,137,1,1450.94,3,1,4,31,About to Sleep
13381,299,1,593.53,1,1,2,11,Hibernating
13383,221,1,1598.6,2,1,4,21,Hibernating
13384,232,1,474.46000000000004,2,1,2,21,Hibernating
13386,183,1,164.64000000000001,3,1,1,31,About to Sleep
13387,339,1,137.76,1,1,1,11,Hibernating
13390,60,4,2889.61,5,5,5,55,Champions
13393,180,1,783.4799999999999,3,1,3,31,About to Sleep
13395,263,2,1508.8999999999999,2,4,4,24,At-Risk
13396,70,2,2646.8199999999997,4,4,5,44,Loyal Customers
13397,359,1,1428.27,1,1,4,11,Hibernating
13400,235,1,2932.27,2,1,5,21,Hibernating
13406,176,4,1951.5,3,5,4,35,Loyal Customers
13407,328,2,3976.88,1,4,5,14,At-Risk
13409,5,1,132.98,5,1,1,51,New Customers
13410,79,1,2150.66,4,1,5,41,Promising
13411,234,1,103.44,2,1,1,21,Hibernating
13412,245,1,60.33,2,1,1,21,Hibernating
13414,300,1,652.74,1,1,2,11,Hibernating
13415,55,1,509.0,5,1,2,51,New Customers
13423,305,1,587.9599999999999,1,1,2,11,Hibernating
13428,312,2,334.21000000000004,1,4,1,14,At-Risk
13430,324,1,555.22,1,1,2,11,Hibernating
13431,162,1,558.08,3,1,2,31,About to Sleep
13435,180,1,830.78,3,1,3,31,About to Sleep
13441,208,1,486.2,3,1,2,31,About to Sleep
13443,23,3,1429.8300000000002,5,5,4,55,Champions
13447,124,1,748.8,4,1,2,41,Promising
13448,10,1,910.89,5,1,3,51,New Customers
13449,263,1,250.70000000000002,2,1,1,21,Hibernating
13452,195,1,2101.71,3,1,5,31,About to Sleep
13454,213,1,824.84,2,1,3,21,Hibernating
13455,204,1,85.02000000000001,3,1,1,31,About to Sleep
13459,260,1,3116.2999999999997,2,1,5,21,Hibernating
13462,202,2,1911.9099999999999,3,4,4,34,Loyal Customers
13466,58,1,746.58,5,1,2,51,New Customers
13473,228,1,4120.88,2,1,5,21,Hibernating
13477,278,1,2350.86,2,1,5,21,Hibernating
13478,326,1,136.85,1,1,1,11,Hibernating
13479,145,1,221.6,3,1,1,31,About to Sleep
13480,4,1,2257.4700000000003,5,1,5,51,New Customers
13481,343,1,362.37,1,1,1,11,Hibernating
13483,168,1,611.64,3,1,2,31,About to Sleep
13486,170,1,2770.98,3,1,5,31,About to Sleep
13490,222,2,557.39,2,4,2,24,At-Risk
13492,248,1,823.16,2,1,3,21,Hibernating
13496,348,2,2652.95,1,4,5,14,At-Risk
13501,96,1,563.76,4,1,2,41,Promising
13504,63,1,1567.32,5,1,4,51,New Customers
13505,60,1,438.45,5,1,2,51,New Customers
13506,52,4,2196.6400000000003,5,5,5,55,Champions
13507,45,2,-17.309999999999945,5,4,1,54,Champions
13509,39,1,684.66,5,1,2,51,New Customers
13514,3,2,927.3600000000001,5,4,3,54,Champions
13515,79,1,1291.09,4,1,4,41,Promising
13518,155,2,83.94,3,4,1,34,Loyal Customers
13520,60,3,3951.7999999999997,5,5,5,55,Champions
13524,209,1,545.5300000000001,2,1,2,21,Hibernating
13526,333,2,3684.49,1,4,5,14,At-Risk
13530,150,2,2282.07,3,4,5,34,Loyal Customers
13532,49,2,2483.42,5,4,5,54,Champions
13537,219,2,3081.17,2,4,5,24,At-Risk
13539,31,3,2797.77,5,5,5,55,Champions
13541,55,1,1220.7,5,1,3,51,New Customers
13542,225,1,474.7,2,1,2,21,Hibernating
13544,21,1,108.5,5,1,1,51,New Customers
13547,340,1,230.67000000000002,1,1,1,11,Hibernating
13552,334,1,463.35,1,1,2,11,Hibernating
13555,177,1,1929.14,3,1,4,31,About to Sleep
13558,292,1,2043.56,1,1,5,11,Hibernating
13570,191,2,1169.76,3,4,3,34,Loyal Customers
13572,252,1,2537.98,2,1,5,21,Hibernating
13573,124,1,898.08,4,1,3,41,Promising
13575,228,1,4603.06,2,1,5,21,Hibernating
13577,34,2,1798.3,5,4,4,54,Champions
13578,143,2,1962.96,3,4,4,34,Loyal Customers
13583,6,1,27.17,5,1,1,51,New Customers
13585,364,1,70.56,1,1,1,11,Hibernating
13586,311,1,1483.3799999999999,1,1,4,11,Hibernating
13587,91,1,951.85,4,1,3,41,Promising
13589,50,1,1050.36,5,1,3,51,New Customers
13598,312,1,1849.6100000000001,1,1,4,11,Hibernating
13599,245,1,331.0,2,1,1,21,Hibernating
13601,124,1,794.13,4,1,3,41,Promising
13603,233,1,1673.19,2,1,4,21,Hibernating
13604,262,2,1830.6399999999999,2,4,4,24,At-Risk
13606,294,1,844.74,1,1,3,11,Hibernating
13609,137,2,2704.8900000000003,3,4,5,34,Loyal Customers
13612,272,1,190.29,2,1,1,21,Hibernating
13613,229,1,579.79,2,1,2,21,Hibernating
13614,109,2,1122.0,4,4,3,44,Loyal Customers
13616,89,1,1304.75,4,1,4,41,Promising
13617,175,1,288.15000000000003,3,1,1,31,About to Sleep
13620,153,1,199.12,3,1,1,31,About to Sleep
13622,26,1,841.01,5,1,3,51,New Customers
13624,158,1,353.92,3,1,1,31,About to Sleep
13628,254,1,1443.14,2,1,4,21,Hibernating
13629,26,1,1312.0800000000002,5,1,4,51,New Customers
13631,227,1,792.5400000000001,2,1,3,21,Hibernating
13633,198,1,1969.26,3,1,4,31,About to Sleep
13640,43,2,2906.5,5,4,5,54,Champions
13647,219,1,2052.81,2,1,5,21,Hibernating
13649,163,1,1517.24,3,1,4,31,About to Sleep
13652,345,1,705.6,1,1,2,11,Hibernating
13653,158,2,1480.51,3,4,4,34,Loyal Customers
13658,3,2,523.34,5,4,2,54,Champions
13672,341,1,292.44,1,1,1,11,Hibernating
13673,306,1,736.0200000000001,1,1,2,11,Hibernating
13674,140,2,4208.66,3,4,5,34,Loyal Customers
13682,286,1,2000.39,1,1,5,11,Hibernating
13683,55,2,4225.46,5,4,5,54,Champions
13684,17,1,2886.4700000000003,5,1,5,51,New Customers
13686,58,1,655.26,5,1,2,51,New Customers
13690,230,1,1195.68,2,1,3,21,Hibernating
13692,8,1,1449.45,5,1,4,51,New Customers
13693,247,1,260.07,2,1,1,21,Hibernating
13694,237,2,1707.31,2,4,4,24,At-Risk
13695,242,2,1620.44,2,4,4,24,At-Risk
13700,84,2,4074.0699999999997,4,4,5,44,Loyal Customers
13707,296,1,1479.54,1,1,4,11,Hibernating
13710,157,1,2083.35,3,1,5,31,About to Sleep
13711,185,1,867.3299999999999,3,1,3,31,About to Sleep
13713,301,2,2990.17,1,4,5,14,At-Risk
13716,25,3,2060.81,5,5,5,55,Champions
13720,121,1,1411.8400000000001,4,1,4,41,Promising
13723,346,1,2230.42,1,1,5,11,Hibernating
13725,39,2,3268.16,5,4,5,54,Champions
13726,274,1,393.66,2,1,2,21,Hibernating
13728,25,3,3006.9100000000003,5,5,5,55,Champions
13729,228,3,2539.93,2,5,5,25,Cannot Lose Them
13730,246,1,-313.48,2,1,1,21,Hibernating
13732,178,3,772.6600000000001,3,5,3,35,Loyal Customers
13737,135,3,4424.51,3,5,5,35,Loyal Customers
13741,297,2,-197.19,1,4,1,14,At-Risk
13750,297,1,374.81,1,1,2,11,Hibernating
13751,327,1,540.38,1,1,2,11,Hibernating
13753,135,5,2728.77,3,5,5,35,Loyal Customers
13760,258,1,1377.8799999999999,2,1,4,21,Hibernating
13762,277,1,705.25,2,1,2,21,Hibernating
13765,338,1,1369.0900000000001,1,1,4,11,Hibernating
13766,166,1,1666.74,3,1,4,31,About to Sleep
13770,317,1,1340.24,1,1,4,11,Hibernating
13773,162,3,1577.97,3,5,4,35,Loyal Customers
13774,171,1,50.550000000000004,3,1,1,31,About to Sleep
13777,113,2,491.9,4,4,2,44,Loyal Customers
13778,166,1,297.9,3,1,1,31,About to Sleep
13781,276,1,546.1999999999999,2,1,2,21,Hibernating
13782,203,2,488.52,3,4,2,34,Loyal Customers
13783,49,1,112.19999999999999,5,1,1,51,New Customers
13784,49,3,1232.33,5,5,3,55,Champions
13787,193,1,179.8,3,1,1,31,About to Sleep
13788,35,1,464.6,5,1,2,51,New Customers
13792,65,1,1182.35,4,1,3,41,Promising
13793,212,2,5250.75,2,4,5,24,At-Risk
13794,346,1,322.92,1,1,1,11,Hibernating
13797,230,1,2035.83,2,1,5,21,Hibernating
13805,238,2,-238.15999999999997,2,4,1,24,At-Risk
13807,268,1,2414.77,2,1,5,21,Hibernating
13809,310,1,210.97,1,1,1,11,Hibernating
13814,267,1,10.16,2,1,1,21,Hibernating
13817,73,2,3835.78,4,4,5,44,Loyal Customers
13818,354,1,458.33,1,1,2,11,Hibernating
13819,48,2,3636.85,5,5,5,55,Champions
13820,324,1,688.7,1,1,2,11,Hibernating
13822,315,1,979.9000000000001,1,1,3,11,Hibernating
13823,133,2,2977.35,3,5,5,35,Loyal Customers
13825,224,2,1448.9799999999998,2,5,4,25,Cannot Lose Them
13830,34,2,1432.12,5,5,4,55,Champions
13832,186,1,1343.52,3,1,4,31,About to Sleep
13835,73,3,2768.62,4,5,5,45,Loyal Customers
13836,116,2,3206.0299999999997,4,5,5,45,Loyal Customers
13839,240,2,1460.45,2,5,4,25,Cannot Lose Them
13844,354,1,169.44,1,1,1,11,Hibernating
13845,57,2,785.6600000000001,5,5,3,55,Champions
13846,125,2,2005.3,4,5,5,45,Loyal Customers
13851,350,1,1296.34,1,1,4,11,Hibernating
13853,186,2,1967.5,3,5,4,35,Loyal Customers
13856,285,1,393.34000000000003,1,1,2,11,Hibernating
13872,22,1,29.339999999999996,5,1,1,51,New Customers
13873,44,1,1148.06,5,1,3,51,New Customers
13875,336,1,31.349999999999998,1,1,1,11,Hibernating
13878,149,1,124.50000000000001,3,1,1,31,About to Sleep
13880,259,1,4046.64,2,1,5,21,Hibernating
13881,108,1,73.16,4,1,1,41,Promising
13884,87,1,41.22,4,1,1,41,Promising
13885,202,1,224.37,3,1,1,31,About to Sleep
13888,91,2,1397.86,4,5,4,45,Loyal Customers
13890,337,1,2178.51,1,1,5,11,Hibernating
13892,20,2,1113.12,5,5,3,55,Champions
13895,73,2,1297.03,4,5,4,45,Loyal Customers
13899,132,1,232.46,4,1,1,41,Promising
13900,358,1,2182.96,1,1,5,11,Hibernating
13901,52,4,1723.0,5,5,4,55,Champions
13903,98,1,165.42,4,1,1,41,Promising
13904,151,2,976.04,3,5,3,35,Loyal Customers
13905,1,1,842.6,5,1,3,51,New Customers
13908,338,1,2211.35,1,1,5,11,Hibernating
13912,108,1,514.88,4,1,2,41,Promising
13914,57,2,2381.14,5,5,5,55,Champions
13915,93,1,768.2400000000001,4,1,3,41,Promising
13918,262,1,1286.3899999999999,2,1,4,21,Hibernating
13919,74,2,2526.5,4,5,5,45,Loyal Customers
13920,247,1,1406.62,2,1,4,21,Hibernating
13923,216,2,558.1100000000001,2,5,2,25,Cannot Lose Them
13924,103,1,1310.48,4,1,4,41,Promising
13925,287,1,402.0,1,1,2,11,Hibernating
13928,138,2,1031.8200000000002,3,5,3,35,Loyal Customers
13935,56,2,1723.98,5,5,4,55,Champions
13936,68,1,4369.92,4,1,5,41,Promising
13937,267,1,117.53999999999999,2,1,1,21,Hibernating
13941,66,1,853.9599999999999,4,1,3,41,Promising
13942,12,2,2899.67,5,5,5,55,Champions
13943,280,1,309.40000000000003,2,1,1,21,Hibernating
13944,21,1,522.52,5,1,2,51,New Customers
13949,115,1,2583.09,4,1,5,41,Promising
13953,273,1,677.0,2,1,2,21,Hibernating
13957,222,1,908.02,2,1,3,21,Hibernating
13961,10,2,4484.34,5,5,5,55,Champions
13963,54,1,69.44,5,1,1,51,New Customers
13964,219,2,416.21999999999997,2,5,2,25,Cannot Lose Them
13965,28,1,925.1999999999999,5,1,3,51,New Customers
13966,280,2,337.23,2,5,1,25,Cannot Lose Them
13967,328,1,1587.3700000000001,1,1,4,11,Hibernating
13970,286,1,1574.96,1,1,4,11,Hibernating
13971,102,1,2345.33,4,1,5,41,Promising
13986,120,1,2060.87,4,1,5,41,Promising
13989,205,1,640.23,3,1,2,31,About to Sleep
13995,268,1,174.56,2,1,1,21,Hibernating
13997,29,1,194.75,5,1,1,51,New Customers
13998,221,1,268.98,2,1,1,21,Hibernating
13999,341,1,2019.38,1,1,5,11,Hibernating
14000,7,1,963.6099999999999,5,1,3,51,New Customers
14003,19,1,1475.1000000000001,5,1,4,51,New Customers
14004,257,1,543.14,2,1,2,21,Hibernating
14011,128,1,99.9,4,1,1,41,Promising
14012,303,2,212.83999999999992,1,5,1,15,Cannot Lose Them
14016,251,1,60.86,2,1,1,21,Hibernating
14019,17,1,208.08,5,1,1,51,New Customers
14020,52,1,1422.06,5,1,4,51,New Customers
14022,7,2,598.8900000000001,5,5,2,55,Champions
14024,292,1,33.7,1,1,1,11,Hibernating
14028,35,2,3550.34,5,5,5,55,Champions
14031,124,1,486.9599999999999,4,1,2,41,Promising
14034,215,2,1325.1200000000001,2,5,4,25,Cannot Lose Them
14036,198,1,21.76,3,1,1,31,About to Sleep
14039,222,3,3624.96,2,5,5,25,Cannot Lose Them
14040,168,1,1075.05,3,1,3,31,About to Sleep
14043,251,2,44.83,2,5,1,25,Cannot Lose Them
14044,268,1,1861.73,2,1,4,21,Hibernating
14047,168,1,345.11999999999995,3,2,1,32,About to Sleep
14048,235,2,287.58,2,5,1,25,Cannot Lose Them
14049,291,1,1036.56,1,2,3,12,Hibernating
14051,313,1,573.63,1,2,2,12,Hibernating
14052,9,1,2117.5,5,2,5,52,Potential Loyalists
14056,92,1,891.91,4,2,3,42,Potential Loyalists
14060,340,1,1685.69,1,2,4,12,Hibernating
14061,184,1,218.89999999999998,3,2,1,32,About to Sleep
14062,124,1,1112.46,4,2,3,42,Potential Loyalists
14065,3,2,1345.53,5,5,4,55,Champions
14068,78,1,2514.2,4,2,5,42,Potential Loyalists
14069,196,1,1000.87,3,2,3,32,About to Sleep
14070,246,1,1074.53,2,2,3,22,Hibernating
14077,327,1,1064.8300000000002,1,2,3,12,Hibernating
14079,179,3,1285.76,3,5,4,35,Loyal Customers
14080,353,1,327.03999999999996,1,2,1,12,Hibernating
14083,347,1,120.96000000000001,1,2,1,12,Hibernating
14090,164,1,3312.1000000000004,3,2,5,32,About to Sleep
14093,60,1,57.599999999999994,5,2,1,52,Potential Loyalists
14101,361,1,1729.94,1,2,4,12,Hibernating
14103,294,1,3363.3900000000003,1,2,5,12,Hibernating
14104,341,1,2174.66,1,2,5,12,Hibernating
14105,96,3,992.0800000000002,4,5,3,45,Loyal Customers
14107,300,1,1228.42,1,2,3,12,Hibernating
14111,237,1,1318.54,2,2,4,22,Hibernating
14115,176,2,904.81,3,5,3,35,Loyal Customers
14124,324,1,533.25,1,2,2,12,Hibernating
14131,295,1,1780.83,1,2,4,12,Hibernating
14133,319,1,533.28,1,2,2,12,Hibernating
14136,247,1,2491.07,2,2,5,22,Hibernating
14143,71,1,246.2,4,2,1,42,Potential Loyalists
14144,341,1,936.09,1,2,3,12,Hibernating
14146,186,2,1689.6,3,5,4,35,Loyal Customers
14147,128,1,2289.38,4,2,5,42,Potential Loyalists
14148,127,3,860.1200000000001,4,5,3,45,Loyal Customers
14149,60,1,1003.73,5,2,3,52,Potential Loyalists
14150,337,1,172.8,1,2,1,12,Hibernating
14151,209,1,3601.86,2,2,5,22,Hibernating
14155,152,3,781.43,3,5,3,35,Loyal Customers
14158,50,1,3276.07,5,2,5,52,Potential Loyalists
14159,270,1,1362.17,2,2,4,22,Hibernating
14161,20,1,1250.77,5,2,4,52,Potential Loyalists
14164,351,1,961.75,1,2,3,12,Hibernating
14165,322,1,584.76,1,2,2,12,Hibernating
14171,273,1,3022.0099999999998,2,2,5,22,Hibernating
14178,354,1,255.09,1,2,1,12,Hibernating
14180,197,1,890.68,3,2,3,32,About to Sleep
14190,344,1,800.46,1,2,3,12,Hibernating
14193,169,1,520.21,3,2,2,32,About to Sleep
14197,29,2,1080.52,5,5,3,55,Champions
14198,42,1,981.23,5,2,3,52,Potential Loyalists
14202,31,3,3168.9399999999996,5,5,5,55,Champions
14215,300,1,507.27000000000004,1,2,2,12,Hibernating
14225,147,1,221.64000000000001,3,2,1,32,About to Sleep
14231,126,1,1584.46,4,2,4,42,Potential Loyalists
14234,246,1,4043.23,2,2,5,22,Hibernating
14236,295,1,1258.17,1,2,4,12,Hibernating
14244,284,1,494.69,1,2,2,12,Hibernating
14245,231,1,547.76,2,2,2,22,Hibernating
14246,186,1,429.84,3,2,2,32,About to Sleep
14248,51,1,353.17,5,2,1,52,Potential Loyalists
14250,9,2,169.5,5,5,1,55,Champions
14251,33,1,1585.38,5,2,4,52,Potential Loyalists
14252,178,1,468.46000000000004,3,2,2,32,About to Sleep
14253,86,2,2675.32,4,5,5,45,Loyal Customers
14254,359,1,487.19,1,2,2,12,Hibernating
14255,123,3,3788.92,4,5,5,45,Loyal Customers
14256,344,1,751.56,1,2,2,12,Hibernating
14257,164,1,3017.97,3,2,5,32,About to Sleep
14260,7,2,6354.91,5,5,5,55,Champions
14262,50,2,5139.8,5,5,5,55,Champions
14265,336,1,1789.44,1,2,4,12,Hibernating
14266,321,1,291.36,1,2,1,12,Hibernating
14267,327,1,141.67999999999998,1,2,1,12,Hibernating
14272,64,1,775.3199999999999,5,2,3,52,Potential Loyalists
14278,327,1,736.27,1,2,2,12,Hibernating
14279,268,1,1595.2,2,2,4,22,Hibernating
14280,113,1,788.4,4,2,3,42,Potential Loyalists
14283,84,1,343.24,4,2,1,42,Potential Loyalists
14284,142,1,2095.39,3,2,5,32,About to Sleep
14285,15,3,3146.02,5,5,5,55,Champions
14287,8,2,711.11,5,5,2,55,Champions
14290,33,1,551.7099999999999,5,2,2,52,Potential Loyalists
14293,96,1,857.81,4,2,3,42,Potential Loyalists
14298,275,1,7.08,2,2,1,22,Hibernating
14299,14,1,1415.6,5,2,4,52,Potential Loyalists
14300,296,1,741.9999999999999,1,2,2,12,Hibernating
14304,53,2,4102.31,5,5,5,55,Champions
14307,217,1,2103.12,2,2,5,22,Hibernating
14310,19,1,471.58,5,2,2,52,Potential Loyalists
14311,184,1,904.5000000000001,3,2,3,32,About to Sleep
14315,188,1,138.54,3,2,1,32,About to Sleep
14316,333,1,488.26,1,2,2,12,Hibernating
14317,143,2,1061.6,3,5,3,35,Loyal Customers
14318,29,2,605.56,5,5,2,55,Champions
14323,114,1,14.4,4,2,1,42,Potential Loyalists
14324,24,1,1781.89,5,2,4,52,Potential Loyalists
14329,41,1,1672.69,5,2,4,52,Potential Loyalists
14332,26,1,1567.01,5,2,4,52,Potential Loyalists
14338,79,1,1665.3999999999999,4,2,4,42,Potential Loyalists
14339,339,1,3233.3,1,2,5,12,Hibernating
14346,237,2,930.3199999999999,2,5,3,25,Cannot Lose Them
14348,31,1,3251.84,5,2,5,52,Potential Loyalists
14349,66,1,1690.3600000000001,4,2,4,42,Potential Loyalists
14350,279,1,721.7199999999999,2,2,2,22,Hibernating
14351,252,1,1061.52,2,2,3,22,Hibernating
14354,150,2,2072.0699999999997,3,5,5,35,Loyal Customers
14355,284,1,282.59999999999997,1,2,1,12,Hibernating
14360,355,1,170.94,1,2,1,12,Hibernating
14362,294,1,1148.6399999999999,1,2,3,12,Hibernating
14363,296,1,1215.66,1,2,3,12,Hibernating
14366,73,3,1820.73,4,5,4,45,Loyal Customers
14367,77,1,118.86,4,2,1,42,Potential Loyalists
14370,27,1,486.73,5,2,2,52,Potential Loyalists
14371,18,1,559.36,5,2,2,52,Potential Loyalists
14372,123,1,1340.94,4,2,4,42,Potential Loyalists
14374,10,2,1207.87,5,5,3,55,Champions
14391,213,1,1520.12,2,2,4,22,Hibernating
14392,134,1,32.15,3,2,1,32,About to Sleep
14393,259,1,560.0400000000001,2,2,2,22,Hibernating
14396,65,1,1785.84,4,2,4,42,Potential Loyalists
14397,131,1,96.85000000000001,4,2,1,42,Potential Loyalists
14398,266,1,1025.27,2,2,3,22,Hibernating
14399,32,2,1075.84,5,5,3,55,Champions
14400,57,2,1612.1599999999999,5,5,4,55,Champions
14408,1,1,87.22,5,2,1,52,Potential Loyalists
14410,223,1,531.9300000000001,2,2,2,22,Hibernating
14413,21,1,736.87,5,2,2,52,Potential Loyalists
14414,210,4,4161.150000000001,2,5,5,25,Cannot Lose Them
14420,79,2,1497.0900000000001,4,5,4,45,Loyal Customers
14421,207,1,331.91999999999996,3,2,1,32,About to Sleep
14423,51,3,886.6999999999999,5,5,3,55,Champions
14425,276,1,24.660000000000004,2,2,1,22,Hibernating
14426,225,1,728.24,2,2,2,22,Hibernating
14429,168,1,740.75,3,2,2,32,About to Sleep
14432,248,2,1415.88,2,5,4,25,Cannot Lose Them
14434,334,1,653.44,1,2,2,12,Hibernating
14441,13,1,942.99,5,2,3,52,Potential Loyalists
14443,354,1,89.85000000000001,1,2,1,12,Hibernating
14447,190,1,1326.98,3,2,4,32,About to Sleep
14448,87,1,3345.3599999999997,4,2,5,42,Potential Loyalists
14450,317,1,1396.09,1,2,4,12,Hibernating
14458,359,1,270.18,1,2,1,12,Hibernating
14460,299,1,46.25,1,2,1,12,Hibernating
14464,161,1,433.6,3,2,2,32,About to Sleep
14465,124,1,3625.3,4,2,5,42,Potential Loyalists
14466,169,2,661.31,3,5,2,35,Loyal Customers
14469,37,1,1908.2299999999998,5,2,4,52,Potential Loyalists
14470,58,3,1040.44,5,5,3,55,Champions
14471,36,2,422.35,5,5,2,55,Champions
14475,357,2,1739.23,1,5,4,15,Cannot Lose Them
14476,233,1,126.30000000000001,2,2,1,22,Hibernating
14477,263,1,242.88,2,2,1,22,Hibernating
14478,142,1,1019.5799999999999,3,2,3,32,About to Sleep
14480,339,1,1073.8,1,2,3,12,Hibernating
14482,66,1,689.01,4,2,2,42,Potential Loyalists
14485,238,1,924.1299999999999,2,2,3,22,Hibernating
14489,124,1,380.48999999999995,4,2,2,42,Potential Loyalists
14494,221,1,409.32,2,2,2,22,Hibernating
14495,49,1,370.36,5,2,2,52,Potential Loyalists
14499,117,1,1689.3000000000002,4,2,4,42,Potential Loyalists
14501,12,1,438.02,5,2,2,52,Potential Loyalists
14505,107,1,1457.24,4,2,4,42,Potential Loyalists
14510,211,1,168.14,2,2,1,22,Hibernating
14511,209,1,202.76,2,2,1,22,Hibernating
14512,357,1,903.96,1,2,3,12,Hibernating
14515,228,1,1318.08,2,2,4,22,Hibernating
14521,202,2,4338.3,3,5,5,35,Loyal Customers
14522,304,1,1646.32,1,2,4,12,Hibernating
14527,93,1,1094.48,4,2,3,42,Potential Loyalists
14529,55,1,4842.139999999999,5,2,5,52,Potential Loyalists
14531,327,1,434.07,1,2,2,12,Hibernating
14533,45,1,816.09,5,2,3,52,Potential Loyalists
14534,253,1,359.59000000000003,2,2,1,22,Hibernating
14535,10,1,599.5,5,2,2,52,Potential Loyalists
14536,141,1,69.2,3,2,1,32,About to Sleep
14537,331,1,177.74,1,2,1,12,Hibernating
14541,81,1,1477.55,4,2,4,42,Potential Loyalists
14543,199,1,847.2800000000001,3,2,3,32,About to Sleep
14548,291,2,3039.4,1,5,5,15,Cannot Lose Them
14554,322,1,1043.54,1,2,3,12,Hibernating
14556,9,1,193.60000000000002,5,2,1,52,Potential Loyalists
14567,133,1,197.51999999999998,3,2,1,32,About to Sleep
14569,201,2,-176.39999999999992,3,5,1,35,Loyal Customers
14570,165,1,709.76,3,2,2,32,About to Sleep
14572,118,1,504.94000000000005,4,2,2,42,Potential Loyalists
14576,196,1,534.23,3,2,2,32,About to Sleep
14578,131,1,723.6800000000001,4,2,2,42,Potential Loyalists
14583,153,1,259.84,3,2,1,32,About to Sleep
14585,338,2,-68.53999999999998,1,5,1,15,Cannot Lose Them
14587,257,2,1775.31,2,5,4,25,Cannot Lose Them
14592,170,1,71.55,3,2,1,32,About to Sleep
14594,343,1,1242.44,1,2,4,12,Hibernating
14596,37,2,3359.0699999999997,5,5,5,55,Champions
14597,306,1,1385.78,1,2,4,12,Hibernating
14600,176,1,834.18,3,2,3,32,About to Sleep
14602,1,1,125.14,5,2,1,52,Potential Loyalists
14607,50,2,3839.21,5,5,5,55,Champions
14609,93,2,1122.74,4,5,3,45,Loyal Customers
14613,17,1,48.83,5,2,1,52,Potential Loyalists
14618,129,1,18.5,4,2,1,42,Potential Loyalists
14619,94,3,795.62,4,5,3,45,Loyal Customers
14626,309,1,3341.26,1,2,5,12,Hibernating
14631,127,2,144.08999999999997,4,5,1,45,Loyal Customers
14634,73,1,614.5699999999999,4,2,2,42,Potential Loyalists
14635,229,1,1185.6999999999998,2,2,3,22,Hibernating
14636,164,1,2447.7,3,2,5,32,About to Sleep
14637,353,2,2589.97,1,5,5,15,Cannot Lose Them
14639,267,1,614.9200000000001,2,2,2,22,Hibernating
14642,251,2,1591.89,2,5,4,25,Cannot Lose Them
14643,237,1,3032.56,2,2,5,22,Hibernating
14646,173,1,216.89000000000001,3,2,1,32,About to Sleep
14649,64,1,928.97,5,2,3,52,Potential Loyalists
14652,276,1,674.01,2,2,2,22,Hibernating
14653,246,1,1144.72,2,2,3,22,Hibernating
14656,157,1,27.599999999999998,3,2,1,32,About to Sleep
14665,39,1,2743.9,5,2,5,52,Potential Loyalists
14666,31,1,828.1999999999999,5,2,3,52,Potential Loyalists
14670,170,2,-236.92999999999995,3,5,1,35,Loyal Customers
14673,246,1,779.83,2,2,3,22,Hibernating
14677,154,1,1023.3700000000001,3,2,3,32,About to Sleep
14678,214,2,334.01,2,5,1,25,Cannot Lose Them
14679,41,1,1678.04,5,2,4,52,Potential Loyalists
14686,192,1,2729.99,3,2,5,32,About to Sleep
14687,253,1,455.62,2,2,2,22,Hibernating
14688,117,1,1310.85,4,2,4,42,Potential Loyalists
14689,197,1,111.92999999999999,3,2,1,32,About to Sleep
14693,107,2,1604.44,4,5,4,45,Loyal Customers
14694,330,1,116.87,1,2,1,12,Hibernating
14699,93,1,661.08,4,2,2,42,Potential Loyalists
14700,328,1,1897.19,1,2,4,12,Hibernating
14703,338,1,226.76999999999998,1,2,1,12,Hibernating
14708,286,1,1921.2,1,2,4,12,Hibernating
14710,323,1,1071.28,1,2,3,12,Hibernating
14712,195,2,2373.4300000000003,3,5,5,35,Loyal Customers
14713,297,1,263.44,1,2,1,12,Hibernating
14716,58,1,89.0,5,2,1,52,Potential Loyalists
14717,190,3,4676.35,3,5,5,35,Loyal Customers
14722,354,1,2488.19,1,2,5,12,Hibernating
14724,138,1,1290.49,3,2,4,32,About to Sleep
14727,345,1,2250.5,1,2,5,12,Hibernating
14735,314,1,541.2099999999999,1,2,2,12,Hibernating
14739,221,1,892.66,2,2,3,22,Hibernating
14743,244,1,1015.4399999999999,2,2,3,22,Hibernating
14744,246,4,2273.34,2,5,5,25,Cannot Lose Them
14746,191,1,2844.63,3,2,5,32,About to Sleep
14751,91,1,1670.25,4,2,4,42,Potential Loyalists
14753,127,2,593.03,4,5,2,45,Loyal Customers
14755,6,2,212.88,5,5,1,55,Champions
14757,103,1,895.24,4,2,3,42,Potential Loyalists
14761,5,1,717.0899999999999,5,2,2,52,Potential Loyalists
14762,361,1,948.99,1,2,3,12,Hibernating
14763,132,2,1966.98,4,5,4,45,Loyal Customers
14765,16,1,95.96000000000001,5,2,1,52,Potential Loyalists
14770,40,1,1174.51,5,2,3,52,Potential Loyalists
14776,207,1,485.68,3,2,2,32,About to Sleep
14782,95,1,296.40000000000003,4,2,1,42,Potential Loyalists
14783,337,2,1361.61,1,5,4,15,Cannot Lose Them
14786,130,2,1812.3200000000002,4,5,4,45,Loyal Customers
14793,270,3,3536.33,2,5,5,25,Cannot Lose Them
14794,203,1,1063.25,3,2,3,32,About to Sleep
14799,319,1,166.4,1,2,1,12,Hibernating
14803,311,1,681.49,1,2,2,12,Hibernating
14804,116,1,678.69,4,2,2,42,Potential Loyalists
14807,171,1,869.4,3,2,3,32,About to Sleep
14809,194,1,653.28,3,2,2,32,About to Sleep
14811,182,1,2544.1400000000003,3,2,5,32,About to Sleep
14817,337,1,1054.19,1,2,3,12,Hibernating
14822,204,1,417.46000000000004,3,2,2,32,About to Sleep
14824,72,1,2668.79,4,2,5,42,Potential Loyalists
14825,226,2,1273.3600000000001,2,5,4,25,Cannot Lose Them
14826,32,1,1463.8899999999999,5,2,4,52,Potential Loyalists
14827,149,3,2386.62,3,5,5,35,Loyal Customers
14828,203,2,3646.28,3,5,5,35,Loyal Customers
14842,341,1,504.16,1,2,2,12,Hibernating
14845,58,1,72.0,5,2,1,52,Potential Loyalists
14846,184,1,249.89999999999998,3,2,1,32,About to Sleep
14849,343,1,1840.37,1,2,4,12,Hibernating
14851,244,1,368.96000000000004,2,2,2,22,Hibernating
14855,12,2,320.75,5,5,1,55,Champions
14856,244,1,3944.8,2,2,5,22,Hibernating
14857,84,1,504.05,4,2,2,42,Potential Loyalists
14858,67,1,97.20000000000002,4,2,1,42,Potential Loyalists
14859,85,1,314.02,4,2,1,42,Potential Loyalists
14861,21,3,3815.84,5,5,5,55,Champions
14863,117,2,1550.67,4,5,4,45,Loyal Customers
14865,142,1,1627.2800000000002,3,2,4,32,About to Sleep
14866,166,1,481.32000000000005,3,2,2,32,About to Sleep
14868,41,3,1002.35,5,5,3,55,Champions
14869,158,1,824.75,3,2,3,32,About to Sleep
14871,154,2,1117.3,3,5,3,35,Loyal Customers
14876,120,1,483.07,4,2,2,42,Potential Loyalists
14882,2,1,904.6500000000001,5,2,3,52,Potential Loyalists
14885,210,1,2033.09,2,2,5,22,Hibernating
14890,178,1,1611.94,3,2,4,32,About to Sleep
14892,167,2,670.24,3,5,2,35,Loyal Customers
14893,128,1,71.08,4,2,1,42,Potential Loyalists
14894,30,1,1728.21,5,2,4,52,Potential Loyalists
14896,12,1,845.56,5,2,3,52,Potential Loyalists
14900,179,3,-188.47999999999996,3,5,1,35,Loyal Customers
14903,172,2,1448.6499999999999,3,5,4,35,Loyal Customers
14904,53,1,1395.95,5,2,4,52,Potential Loyalists
14910,11,1,425.55,5,2,2,52,Potential Loyalists
14911,4,1,51.4,5,2,1,52,Potential Loyalists
14914,111,2,2218.0600000000004,4,5,5,45,Loyal Customers
14916,267,1,1196.1799999999998,2,2,3,22,Hibernating
14920,271,2,1103.22,2,5,3,25,Cannot Lose Them
14924,5,1,758.9200000000001,5,2,3,52,Potential Loyalists
14925,334,1,620.72,1,2,2,12,Hibernating
14929,165,1,2250.18,3,2,5,32,About to Sleep
14933,224,1,1115.38,2,2,3,22,Hibernating
14934,128,1,270.88,4,2,1,42,Potential Loyalists
14936,149,1,389.18,3,2,2,32,About to Sleep
14938,203,1,644.65,3,2,2,32,About to Sleep
14939,66,1,815.78,4,2,3,42,Potential Loyalists
14940,29,1,740.8399999999999,5,2,2,52,Potential Loyalists
14943,236,1,2853.12,2,2,5,22,Hibernating
14946,104,1,2689.93,4,2,5,42,Potential Loyalists
14950,128,1,172.42000000000002,4,2,1,42,Potential Loyalists
14952,38,1,760.48,5,2,3,52,Potential Loyalists
14953,63,2,1863.3799999999999,5,5,4,55,Champions
14954,23,1,477.36,5,2,2,52,Potential Loyalists
14956,45,2,540.55,5,5,2,55,Champions
14964,20,1,1239.01,5,2,3,52,Potential Loyalists
14966,225,2,862.63,2,5,3,25,Cannot Lose Them
14976,172,1,1756.8899999999999,3,2,4,32,About to Sleep
14987,146,1,1300.48,3,2,4,32,About to Sleep
14989,353,1,140.8,1,2,1,12,Hibernating
15000,278,1,1742.85,2,2,4,22,Hibernating
15008,171,1,2234.53,3,2,5,32,About to Sleep
15011,138,2,1515.39,3,5,4,35,Loyal Customers
15013,190,1,2815.79,3,2,5,32,About to Sleep
15014,127,1,267.39,4,2,1,42,Potential Loyalists
15015,135,1,1569.69,3,2,4,32,About to Sleep
15018,319,1,1044.3899999999999,1,2,3,12,Hibernating
15024,1,1,3562.62,5,2,5,52,Potential Loyalists
15025,219,1,1037.43,2,2,3,22,Hibernating
15026,231,1,729.81,2,2,2,22,Hibernating
15029,61,2,1592.1200000000001,5,5,4,55,Champions
15034,325,1,346.47,1,2,1,12,Hibernating
15037,198,1,1132.6100000000001,3,2,3,32,About to Sleep
15038,81,1,642.94,4,2,2,42,Potential Loyalists
15040,323,1,346.97,1,2,1,12,Hibernating
15044,127,1,70.25,4,2,1,42,Potential Loyalists
15047,112,1,560.5,4,2,2,42,Potential Loyalists
15054,136,1,1568.33,3,2,4,32,About to Sleep
15055,310,1,1485.82,1,2,4,12,Hibernating
15056,292,1,38.0,1,2,1,12,Hibernating
15058,2,1,661.3299999999999,5,2,2,52,Potential Loyalists
15068,206,1,1834.8700000000001,3,2,4,32,About to Sleep
15069,279,1,1410.22,2,2,4,22,Hibernating
15071,17,2,1657.1299999999999,5,5,4,55,Champions
15073,3,1,2229.33,5,2,5,52,Potential Loyalists
15074,154,2,1974.39,3,5,4,35,Loyal Customers
15075,1,1,1181.1499999999999,5,2,3,52,Potential Loyalists
15077,6,1,162.0,5,2,1,52,Potential Loyalists
15078,152,1,1005.66,3,2,3,32,About to Sleep
15083,321,1,998.1,1,2,3,12,Hibernating
15091,232,1,2013.8999999999999,2,2,5,22,Hibernating
15105,205,1,2210.66,3,2,5,32,About to Sleep
15107,41,2,957.2399999999999,5,5,3,55,Champions
15109,313,1,383.65999999999997,1,2,2,12,Hibernating
15112,286,1,1059.2,1,2,3,12,Hibernating
15115,146,1,483.84000000000003,3,2,2,32,About to Sleep
15116,226,1,12.21,2,2,1,22,Hibernating
15120,329,1,568.8800000000001,1,2,2,12,Hibernating
15122,63,1,742.68,5,2,2,52,Potential Loyalists
15123,24,1,1574.9499999999998,5,2,4,52,Potential Loyalists
15131,14,1,707.44,5,2,2,52,Potential Loyalists
15139,220,1,1883.06,2,2,4,22,Hibernating
15140,205,1,1148.4,3,2,3,32,About to Sleep
15144,113,3,5963.36,4,5,5,45,Loyal Customers
15148,356,1,697.8100000000001,1,2,2,12,Hibernating
15152,295,1,143.51999999999998,1,2,1,12,Hibernating
15153,317,1,3072.68,1,2,5,12,Hibernating
15155,116,1,576.21,4,2,2,42,Potential Loyalists
15157,134,2,1547.72,3,5,4,35,Loyal Customers
15159,269,1,859.44,2,2,3,22,Hibernating
15160,176,1,1263.55,3,2,4,32,About to Sleep
15161,158,2,2841.82,3,5,5,35,Loyal Customers
15164,182,1,1571.77,3,2,4,32,About to Sleep
15166,249,1,437.58,2,2,2,22,Hibernating
15169,186,2,10.990000000000009,3,5,1,35,Loyal Customers
15170,357,1,2498.9,1,2,5,12,Hibernating
15171,169,1,570.92,3,2,2,32,About to Sleep
15172,14,2,631.9699999999999,5,5,2,55,Champions
15175,107,2,1589.58,4,5,4,45,Loyal Customers
15177,183,1,54.6,3,2,1,32,About to Sleep
15184,242,1,2040.72,2,2,5,22,Hibernating
15185,21,2,4075.14,5,5,5,55,Champions
15188,308,1,664.37,1,2,2,12,Hibernating
15189,9,1,1925.71,5,2,4,52,Potential Loyalists
15191,28,2,4095.7,5,5,5,55,Champions
15192,236,1,336.45,2,2,1,22,Hibernating
15195,42,2,3980.94,5,5,5,55,Champions
15198,180,1,808.45,3,2,3,32,About to Sleep
15201,351,1,1779.56,1,2,4,12,Hibernating
15202,246,1,1121.48,2,2,3,22,Hibernating
15208,364,1,1110.24,1,2,3,12,Hibernating
15209,34,2,4571.37,5,5,5,55,Champions
15211,166,1,939.33,3,2,3,32,About to Sleep
15212,128,2,1157.4199999999998,4,5,3,45,Loyal Customers
15214,294,2,1387.51,1,5,4,15,Cannot Lose Them
15216,169,1,862.0400000000001,3,2,3,32,About to Sleep
15223,24,1,2548.88,5,2,5,52,Potential Loyalists
15224,107,1,306.36,4,2,1,42,Potential Loyalists
15229,60,1,370.16,5,2,2,52,Potential Loyalists
15231,168,1,1181.72,3,2,3,32,About to Sleep
15232,114,1,526.62,4,2,2,42,Potential Loyalists
15235,2,2,1511.3200000000002,5,5,4,55,Champions
15236,54,4,2139.46,5,5,5,55,Champions
15237,337,1,1183.58,1,2,3,12,Hibernating
15240,254,1,3480.27,2,2,5,22,Hibernating
15241,292,2,866.45,1,5,3,15,Cannot Lose Them
15245,71,3,2101.83,4,5,5,45,Loyal Customers
15248,290,1,2359.44,1,2,5,12,Hibernating
15249,209,2,2226.44,2,5,5,25,Cannot Lose Them
15250,63,1,3845.63,5,2,5,52,Potential Loyalists
15251,186,1,1285.54,3,2,4,32,About to Sleep
15252,13,2,679.44,5,5,2,55,Champions
15253,121,1,1503.12,4,2,4,42,Potential Loyalists
15256,279,1,123.9,2,2,1,22,Hibernating
15258,104,1,2689.85,4,2,5,42,Potential Loyalists
15259,71,1,1272.6,4,2,4,42,Potential Loyalists
15262,315,1,2313.56,1,2,5,12,Hibernating
15264,322,1,856.65,1,2,3,12,Hibernating
15271,177,1,44.66,3,2,1,32,About to Sleep
15274,235,1,136.01,2,2,1,22,Hibernating
15275,70,1,10.18,4,2,1,42,Potential Loyalists
15276,253,1,1202.1999999999998,2,2,3,22,Hibernating
15283,185,1,1559.3899999999999,3,2,4,32,About to Sleep
15288,210,2,2966.38,2,5,5,25,Cannot Lose Them
15289,8,2,1356.59,5,5,4,55,Champions
15291,242,2,486.5800000000001,2,5,2,25,Cannot Lose Them
15293,103,1,2100.42,4,2,5,42,Potential Loyalists
15298,162,1,1058.98,3,2,3,32,About to Sleep
15299,345,1,1400.6599999999999,1,2,4,12,Hibernating
15300,201,1,879.52,3,2,3,32,About to Sleep
15301,266,2,2320.06,2,5,5,25,Cannot Lose Them
15307,256,1,540.27,2,2,2,22,Hibernating
15308,144,1,3.21,3,2,1,32,About to Sleep
15316,98,2,913.65,4,5,3,45,Loyal Customers
15328,198,1,1925.7900000000002,3,2,4,32,About to Sleep
15331,177,2,153.1,3,5,1,35,Loyal Customers
15332,156,1,1835.7900000000002,3,2,4,32,About to Sleep
15335,234,1,408.11,2,2,2,22,Hibernating
15344,206,1,707.33,3,2,2,32,About to Sleep
15345,218,1,1306.27,2,2,4,22,Hibernating
15351,136,1,1458.58,3,2,4,32,About to Sleep
15352,259,1,394.11,2,2,2,22,Hibernating
15353,145,2,1101.06,3,5,3,35,Loyal Customers
15354,115,2,1506.03,4,5,4,45,Loyal Customers
15355,51,3,5081.08,5,5,5,55,Champions
15356,343,1,1187.46,1,2,3,12,Hibernating
15357,211,1,1424.1599999999999,2,2,4,22,Hibernating
15358,118,1,1118.3999999999999,4,2,3,42,Potential Loyalists
15360,94,1,922.36,4,2,3,42,Potential Loyalists
15361,130,1,1287.6,4,2,4,42,Potential Loyalists
15362,184,1,1715.01,3,2,4,32,About to Sleep
15363,217,1,630.89,2,2,2,22,Hibernating
15364,141,1,969.6100000000001,3,2,3,32,About to Sleep
15367,69,1,100.61,4,2,1,42,Potential Loyalists
15368,42,1,3182.19,5,2,5,52,Potential Loyalists
15370,82,1,251.24,4,2,1,42,Potential Loyalists
15372,218,1,450.36000000000007,2,2,2,22,Hibernating
15374,25,1,1611.84,5,2,4,52,Potential Loyalists
15376,69,1,880.07,4,2,3,42,Potential Loyalists
15381,220,2,2970.94,2,5,5,25,Cannot Lose Them
15385,238,1,1884.42,2,2,4,22,Hibernating
15387,221,1,1425.6599999999999,2,2,4,22,Hibernating
15388,339,2,147.79,1,5,1,15,Cannot Lose Them
15389,245,1,385.82000000000005,2,2,2,22,Hibernating
15392,167,1,275.68,3,2,1,32,About to Sleep
15393,162,1,512.4,3,2,2,32,About to Sleep
15395,309,1,341.58,1,2,1,12,Hibernating
15398,31,3,3263.86,5,5,5,55,Champions
15404,121,1,1313.71,4,2,4,42,Potential Loyalists
15408,28,1,2685.89,5,2,5,52,Potential Loyalists
15410,184,1,2926.9,3,2,5,32,About to Sleep
15412,355,1,819.73,1,2,3,12,Hibernating
15420,58,2,1216.53,5,5,3,55,Champions
15421,158,1,963.4000000000001,3,2,3,32,About to Sleep
15425,154,1,738.06,3,2,2,32,About to Sleep
15428,348,1,253.65,1,2,1,12,Hibernating
15433,293,1,2488.7599999999998,1,2,5,12,Hibernating
15437,221,2,2225.71,2,5,5,25,Cannot Lose Them
15438,23,1,516.97,5,2,2,52,Potential Loyalists
15447,327,1,126.12,1,2,1,12,Hibernating
15448,228,1,787.5600000000001,2,2,3,22,Hibernating
15450,308,1,2127.82,1,2,5,12,Hibernating
15451,62,2,1329.1299999999999,5,5,4,55,Champions
15452,53,1,2940.56,5,2,5,52,Potential Loyalists
15455,76,1,2985.12,4,2,5,42,Potential Loyalists
15461,299,1,1626.88,1,2,4,12,Hibernating
15465,318,1,2324.4300000000003,1,2,5,12,Hibernating
15469,98,2,-653.89,4,5,1,45,Loyal Customers
15473,12,2,2299.66,5,5,5,55,Champions
15474,249,1,440.0,2,2,2,22,Hibernating
15475,165,1,2956.17,3,2,5,32,About to Sleep
15477,281,1,896.9699999999999,1,2,3,12,Hibernating
15478,235,1,1902.02,2,2,4,22,Hibernating
15487,132,1,340.62,4,2,1,42,Potential Loyalists
15489,105,1,893.92,4,2,3,42,Potential Loyalists
15492,128,1,1184.18,4,2,3,42,Potential Loyalists
15496,44,1,213.36,5,2,1,52,Potential Loyalists
15497,21,2,1238.25,5,5,3,55,Champions
15501,60,2,1963.3,5,5,4,55,Champions
15504,27,1,733.58,5,2,2,52,Potential Loyalists
15508,283,2,1029.48,1,5,3,15,Cannot Lose Them
15511,154,1,987.75,3,2,3,32,About to Sleep
15519,70,4,4395.54,4,5,5,45,Loyal Customers
15520,235,1,1522.42,2,2,4,22,Hibernating
15525,34,2,1107.76,5,5,3,55,Champions
15526,113,1,1106.27,4,2,3,42,Potential Loyalists
15528,87,2,2381.11,4,5,5,45,Loyal Customers
15532,45,1,2814.8399999999997,5,2,5,52,Potential Loyalists
15533,338,1,2050.2,1,2,5,12,Hibernating
15539,15,1,1822.0500000000002,5,2,4,52,Potential Loyalists
15540,273,1,110.8,2,2,1,22,Hibernating
15547,196,1,913.2900000000001,3,2,3,32,About to Sleep
15551,76,2,114.28,4,5,1,45,Loyal Customers
15552,61,4,3448.04,5,5,5,55,Champions
15556,104,2,2411.19,4,5,5,45,Loyal Customers
15557,86,1,1497.12,4,2,4,42,Potential Loyalists
15561,216,2,1219.3999999999999,2,5,3,25,Cannot Lose Them
15563,66,1,560.05,4,2,2,42,Potential Loyalists
15566,26,2,3818.6099999999997,5,5,5,55,Champions
15568,232,2,56.99000000000001,2,5,1,25,Cannot Lose Them
15569,18,1,1543.77,5,2,4,52,Potential Loyalists
15570,340,1,638.94,1,2,2,12,Hibernating
15576,24,1,668.9300000000001,5,2,2,52,Potential Loyalists
15577,290,1,1075.97,1,2,3,12,Hibernating
15579,125,1,47.1,4,2,1,42,Potential Loyalists
15582,50,1,2020.09,5,2,5,52,Potential Loyalists
15583,122,1,1652.03,4,2,4,42,Potential Loyalists
15588,263,1,2116.1800000000003,2,2,5,22,Hibernating
15597,111,1,774.32,4,2,3,42,Potential Loyalists
15600,120,1,784.77,4,2,3,42,Potential Loyalists
15607,213,2,1684.69,2,5,4,25,Cannot Lose Them
15609,306,1,543.24,1,2,2,12,Hibernating
15610,49,1,19.41,5,2,1,52,Potential Loyalists
15612,188,1,578.8399999999999,3,2,2,32,About to Sleep
15613,74,1,2879.11,4,2,5,42,Potential Loyalists
15614,295,2,2809.31,1,5,5,15,Cannot Lose Them
15618,45,1,506.03999999999996,5,2,2,52,Potential Loyalists
15619,112,1,81.0,4,2,1,42,Potential Loyalists
15623,151,1,589.12,3,2,2,32,About to Sleep
15625,269,1,1525.26,2,3,4,23,At-Risk
15628,23,2,1662.6100000000001,5,5,4,55,Champions
15629,319,1,236.20000000000002,1,3,1,13,At-Risk
15635,293,1,221.77999999999997,1,3,1,13,At-Risk
15636,358,1,1587.54,1,3,4,13,At-Risk
15639,144,2,482.54999999999995,3,5,2,35,Loyal Customers
15641,94,1,1167.14,4,3,3,43,Potential Loyalists
15643,64,1,1433.58,5,3,4,53,Potential Loyalists
15647,280,1,723.9300000000001,2,3,2,23,At-Risk
15657,49,2,1532.6499999999999,5,5,4,55,Champions
15658,265,2,205.56,2,5,1,25,Cannot Lose Them
15662,45,1,479.0,5,3,2,53,Potential Loyalists
15665,67,1,431.91999999999996,4,3,2,43,Potential Loyalists
15666,1,1,286.65,5,3,1,53,Potential Loyalists
15667,282,2,1766.8799999999999,1,5,4,15,Cannot Lose Them
15674,222,1,357.25,2,3,1,23,At-Risk
15677,25,1,847.86,5,3,3,53,Potential Loyalists
15678,119,1,4191.73,4,3,5,43,Potential Loyalists
15681,7,3,2949.67,5,5,5,55,Champions
15682,163,1,1585.28,3,3,4,33,Need Attention
15684,20,1,818.4499999999999,5,3,3,53,Potential Loyalists
15688,270,1,418.25,2,3,2,23,At-Risk
15691,15,1,445.68,5,3,2,53,Potential Loyalists
15695,337,1,319.44000000000005,1,3,1,13,At-Risk
15696,178,1,3589.01,3,3,5,33,Need Attention
15697,316,1,1023.99,1,3,3,13,At-Risk
15699,90,1,1063.08,4,3,3,43,Potential Loyalists
15703,18,1,633.98,5,3,2,53,Potential Loyalists
15704,208,1,855.6800000000001,3,3,3,33,Need Attention
15707,210,3,1674.7,2,5,4,25,Cannot Lose Them
15709,15,2,3935.75,5,5,5,55,Champions
15710,250,1,2035.37,2,3,5,23,At-Risk
15711,36,1,186.16,5,3,1,53,Potential Loyalists
15714,198,1,805.79,3,3,3,33,Need Attention
15717,165,1,154.95,3,3,1,33,Need Attention
15718,352,1,411.12,1,3,2,13,At-Risk
15719,81,1,2381.5299999999997,4,3,5,43,Potential Loyalists
15724,212,1,497.96999999999997,2,3,2,23,At-Risk
15727,54,2,5299.91,5,5,5,55,Champions
15731,322,2,911.67,1,5,3,15,Cannot Lose Them
15732,159,3,4054.5,3,5,5,35,Loyal Customers
15734,59,1,484.40999999999997,5,3,2,53,Potential Loyalists
15735,143,1,401.28,3,3,2,33,Need Attention
15749,128,1,970.5200000000001,4,3,3,43,Potential Loyalists
15751,60,1,981.54,5,3,3,53,Potential Loyalists
15753,41,1,2340.18,5,3,5,53,Potential Loyalists
15755,101,3,1396.93,4,5,4,45,Loyal Customers
15756,233,1,631.9499999999999,2,3,2,23,At-Risk
15757,182,1,590.4000000000001,3,3,2,33,Need Attention
15759,234,1,1664.1799999999998,2,3,4,23,At-Risk
15766,221,1,1356.16,2,3,4,23,At-Risk
15768,104,1,644.4399999999999,4,3,2,43,Potential Loyalists
15772,153,1,593.79,3,3,2,33,Need Attention
15773,58,1,960.48,5,3,3,53,Potential Loyalists
15776,358,1,189.77999999999997,1,3,1,13,At-Risk
15777,85,1,497.59999999999997,4,3,2,43,Potential Loyalists
15778,67,1,547.44,4,3,2,43,Potential Loyalists
15781,90,2,1897.82,4,5,4,45,Loyal Customers
15783,303,1,248.34,1,3,1,13,At-Risk
15784,319,1,526.34,1,3,2,13,At-Risk
15787,72,1,585.51,4,3,2,43,Potential Loyalists
15789,122,1,1067.72,4,3,3,43,Potential Loyalists
15803,163,1,1523.01,3,3,4,33,Need Attention
15806,223,1,420.59999999999997,2,3,2,23,At-Risk
15810,349,1,524.51,1,3,2,13,At-Risk
15818,76,1,846.19,4,3,3,43,Potential Loyalists
15819,76,1,1808.36,4,3,4,43,Potential Loyalists
15828,196,2,1409.2199999999998,3,5,4,35,Loyal Customers
15830,284,1,4428.97,1,3,5,13,At-Risk
15831,87,1,1126.83,4,3,3,43,Potential Loyalists
15842,57,1,2225.5699999999997,5,3,5,53,Potential Loyalists
15843,12,2,1600.71,5,5,4,55,Champions
15844,362,1,680.0,1,3,2,13,At-Risk
15849,56,1,1878.6499999999999,5,3,4,53,Potential Loyalists
15851,224,1,949.52,2,3,3,23,At-Risk
15858,325,1,1462.77,1,3,4,13,At-Risk
15865,260,1,1052.08,2,3,3,23,At-Risk
15868,245,1,2612.9500000000003,2,3,5,23,At-Risk
15871,61,1,1992.81,5,3,4,53,Potential Loyalists
15873,163,2,2368.17,3,5,5,35,Loyal Customers
15874,361,1,555.85,1,3,2,13,At-Risk
15877,86,1,314.16,4,3,1,43,Potential Loyalists
15878,303,1,338.58,1,3,1,13,At-Risk
15879,335,1,1645.26,1,3,4,13,At-Risk
15885,357,1,29.79,1,3,1,13,At-Risk
15888,306,2,1308.57,1,5,4,15,Cannot Lose Them
15889,341,1,206.03,1,3,1,13,At-Risk
15893,172,1,134.75,3,3,1,33,Need Attention
15895,176,1,503.70000000000005,3,3,2,33,Need Attention
15898,38,2,2889.5699999999997,5,5,5,55,Champions
15899,274,1,1646.4299999999998,2,3,4,23,At-Risk
15902,169,1,728.64,3,3,2,33,Need Attention
15905,126,1,165.39999999999998,4,3,1,43,Potential Loyalists
15913,299,1,612.15,1,3,2,13,At-Risk
15916,50,1,946.79,5,3,3,53,Potential Loyalists
15920,102,1,1096.53,4,3,3,43,Potential Loyalists
15921,269,1,972.28,2,3,3,23,At-Risk
15922,107,2,605.3900000000001,4,5,2,45,Loyal Customers
15924,51,1,575.1999999999999,5,3,2,53,Potential Loyalists
15926,88,4,1635.85,4,5,4,45,Loyal Customers
15928,184,1,108.80000000000001,3,3,1,33,Need Attention
15929,151,3,2601.93,3,5,5,35,Loyal Customers
15930,122,1,929.0,4,3,3,43,Potential Loyalists
15931,196,3,6033.72,3,5,5,35,Loyal Customers
15932,338,1,327.33000000000004,1,3,1,13,At-Risk
15933,50,1,916.6800000000001,5,3,3,53,Potential Loyalists
15934,15,1,662.53,5,3,2,53,Potential Loyalists
15936,28,1,819.7900000000001,5,3,3,53,Potential Loyalists
15938,205,1,1791.8200000000002,3,3,4,33,Need Attention
15939,40,1,874.91,5,3,3,53,Potential Loyalists
15941,312,1,100.1,1,3,1,13,At-Risk
15943,345,1,515.09,1,3,2,13,At-Risk
15946,70,2,3857.5200000000004,4,5,5,45,Loyal Customers
15947,15,1,306.69,5,3,1,53,Potential Loyalists
15948,312,1,249.58,1,3,1,13,At-Risk
15949,86,2,-179.07000000000002,4,5,1,45,Loyal Customers
15950,168,1,1113.35,3,3,3,33,Need Attention
15956,26,2,3321.5600000000004,5,5,5,55,Champions
15960,63,1,44.14,5,3,1,53,Potential Loyalists
15962,265,1,1716.8600000000001,2,3,4,23,At-Risk
15968,272,1,303.43,2,3,1,23,At-Risk
15969,159,1,80.60000000000001,3,3,1,33,Need Attention
15971,51,2,745.09,5,5,2,55,Champions
15973,177,1,1707.82,3,3,4,33,Need Attention
15974,77,1,5236.54,4,3,5,43,Potential Loyalists
15977,6,1,971.0999999999999,5,3,3,53,Potential Loyalists
15980,126,4,4581.2699999999995,4,5,5,45,Loyal Customers
15983,85,2,1496.22,4,5,4,45,Loyal Customers
15986,353,1,701.86,1,3,2,13,At-Risk
15987,112,1,671.81,4,3,2,43,Potential Loyalists
15992,173,1,126.34,3,3,1,33,Need Attention
15994,40,1,540.0,5,3,2,53,Potential Loyalists
15995,265,1,667.3699999999999,2,3,2,23,At-Risk
15996,89,1,777.4200000000001,4,3,3,43,Potential Loyalists
15999,71,1,23.91,4,3,1,43,Potential Loyalists
16000,30,2,-473.03000000000003,5,5,1,55,Champions
16001,263,1,787.67,2,3,3,23,At-Risk
16004,254,1,338.58,2,3,1,23,At-Risk
16011,1,1,221.2,5,3,1,53,Potential Loyalists
16012,198,1,239.70999999999998,3,3,1,33,Need Attention
16013,142,1,1455.77,3,3,4,33,Need Attention
16020,266,2,1539.3000000000002,2,5,4,25,Cannot Lose Them
16021,356,1,1781.37,1,3,4,13,At-Risk
16029,342,2,677.4,1,5,2,15,Cannot Lose Them
16031,121,2,1467.96,4,5,4,45,Loyal Customers
16034,101,1,2284.66,4,3,5,43,Potential Loyalists
16035,143,1,783.47,3,3,3,33,Need Attention
16036,156,1,1068.12,3,3,3,33,Need Attention
16037,56,3,3574.17,5,5,5,55,Champions
16040,69,2,4209.36,4,5,5,45,Loyal Customers
16042,90,1,1499.42,4,3,4,43,Potential Loyalists
16043,128,1,31.68,4,3,1,43,Potential Loyalists
16044,296,1,1079.21,1,3,3,13,At-Risk
16045,265,1,698.65,2,3,2,23,At-Risk
16046,10,1,1649.6,5,3,4,53,Potential Loyalists
16049,164,1,2163.2799999999997,3,3,5,33,Need Attention
16051,269,1,823.6599999999999,2,3,3,23,At-Risk
16055,330,2,440.48,1,5,2,15,Cannot Lose Them
16056,92,2,901.03,4,5,3,45,Loyal Customers
16057,230,1,453.6,2,3,2,23,At-Risk
16061,348,1,633.4499999999999,1,3,2,13,At-Risk
16062,75,1,885.78,4,3,3,43,Potential Loyalists
16065,306,1,1423.72,1,3,4,13,At-Risk
16066,157,2,917.1299999999999,3,5,3,35,Loyal Customers
16068,329,1,7.68,1,3,1,13,At-Risk
16071,40,1,4188.81,5,3,5,53,Potential Loyalists
16073,267,2,3166.58,2,5,5,25,Cannot Lose Them
16076,166,1,70.38,3,3,1,33,Need Attention
16077,277,1,1447.28,2,3,4,23,At-Risk
16078,42,1,705.3900000000001,5,3,2,53,Potential Loyalists
16080,208,1,691.2400000000001,3,3,2,33,Need Attention
16083,267,2,630.8699999999999,2,5,2,25,Cannot Lose Them
16089,205,1,211.85999999999999,3,3,1,33,Need Attention
16090,348,2,324.2200000000001,1,5,1,15,Cannot Lose Them
16097,200,1,591.72,3,3,2,33,Need Attention
16098,229,1,2840.87,2,3,5,23,At-Risk
16102,108,2,850.89,4,5,3,45,Loyal Customers
16103,29,2,1110.79,5,5,3,55,Champions
16107,148,1,664.8499999999999,3,3,2,33,Need Attention
16109,39,1,764.45,5,3,3,53,Potential Loyalists
16112,36,1,229.20000000000002,5,3,1,53,Potential Loyalists
16113,74,2,644.5799999999999,4,5,2,45,Loyal Customers
16114,252,1,1156.85,2,3,3,23,At-Risk
16115,303,1,894.4,1,3,3,13,At-Risk
16116,195,1,480.86999999999995,3,3,2,33,Need Attention
16117,347,1,2221.74,1,3,5,13,At-Risk
16119,46,2,1297.3400000000001,5,5,4,55,Champions
16120,128,1,2574.06,4,3,5,43,Potential Loyalists
16127,68,3,2460.83,4,5,5,45,Loyal Customers
16130,89,1,184.0,4,3,1,43,Potential Loyalists
16132,240,1,2866.64,2,3,5,23,At-Risk
16135,197,1,2609.27,3,3,5,33,Need Attention
16139,185,1,586.8,3,3,2,33,Need Attention
16140,60,1,356.94,5,3,1,53,Potential Loyalists
16141,223,1,1431.55,2,3,4,23,At-Risk
16146,24,1,922.6800000000001,5,3,3,53,Potential Loyalists
16148,213,1,2130.69,2,3,5,23,At-Risk
16150,196,1,3465.26,3,3,5,33,Need Attention
16151,280,1,173.86,2,3,1,23,At-Risk
16154,134,1,1266.41,3,3,4,33,Need Attention
16155,82,1,215.41,4,3,1,43,Potential Loyalists
16159,262,1,2739.25,2,3,5,23,At-Risk
16161,101,1,240.23000000000002,4,3,1,43,Potential Loyalists
16162,184,1,729.48,3,3,2,33,Need Attention
16163,353,1,3101.63,1,3,5,13,At-Risk
16166,239,2,2322.01,2,5,5,25,Cannot Lose Them
16168,173,1,1225.92,3,3,3,33,Need Attention
16171,165,3,2458.92,3,5,5,35,Loyal Customers
16173,76,1,2791.35,4,3,5,43,Potential Loyalists
16175,126,1,1041.8600000000001,4,3,3,43,Potential Loyalists
16184,60,1,1769.43,5,3,4,53,Potential Loyalists
16185,147,1,61.1,3,3,1,33,Need Attention
16186,300,1,202.54,1,3,1,13,At-Risk
16189,289,1,342.7,1,3,1,13,At-Risk
16197,77,1,178.95000000000002,4,3,1,43,Potential Loyalists
16204,322,1,1131.34,1,3,3,13,At-Risk
16205,306,1,1902.94,1,3,4,13,At-Risk
16210,17,2,1796.6200000000001,5,5,4,55,Champions
16212,8,1,189.7,5,3,1,53,Potential Loyalists
16218,189,1,1107.03,3,3,3,33,Need Attention
16219,206,2,1179.0200000000002,3,5,3,35,Loyal Customers
16221,247,1,1062.47,2,3,3,23,At-Risk
16225,303,1,927.01,1,3,3,13,At-Risk
16228,356,1,115.08000000000001,1,3,1,13,At-Risk
16233,207,1,1848.96,3,3,4,33,Need Attention
16235,346,1,7.6,1,3,1,13,At-Risk
16236,275,1,233.86,2,3,1,23,At-Risk
16241,212,1,1196.61,2,3,3,23,At-Risk
16248,63,2,5035.72,5,5,5,55,Champions
16254,47,1,114.75,5,3,1,53,Potential Loyalists
16256,119,1,1557.1999999999998,4,3,4,43,Potential Loyalists
16257,217,1,576.44,2,3,2,23,At-Risk
16263,262,1,429.25000000000006,2,3,2,23,At-Risk
16264,316,2,1105.06,1,5,3,15,Cannot Lose Them
16265,335,2,2132.63,1,5,5,15,Cannot Lose Them
16266,43,1,1099.1499999999999,5,3,3,53,Potential Loyalists
16275,15,3,601.0699999999999,5,5,2,55,Champions
16277,201,1,2245.9100000000003,3,3,5,33,Need Attention
16279,215,1,1856.7800000000002,2,3,4,23,At-Risk
16280,260,1,112.01,2,3,1,23,At-Risk
16282,185,1,5073.64,3,3,5,33,Need Attention
16284,83,1,869.3199999999999,4,3,3,43,Potential Loyalists
16288,25,3,345.9499999999999,5,5,1,55,Champions
16292,201,1,2090.03,3,3,5,33,Need Attention
16293,56,2,3590.0299999999997,5,5,5,55,Champions
16295,41,1,2111.2999999999997,5,3,5,53,Potential Loyalists
16300,40,1,79.58,5,3,1,53,Potential Loyalists
16301,209,1,723.36,2,3,2,23,At-Risk
16304,144,2,2195.95,3,5,5,35,Loyal Customers
16307,136,1,641.62,3,3,2,33,Need Attention
16309,337,1,762.99,1,3,3,13,At-Risk
16312,310,1,1241.0,1,3,4,13,At-Risk
16315,129,1,869.88,4,3,3,43,Potential Loyalists
16317,303,3,-331.8300000000001,1,5,1,15,Cannot Lose Them
16318,224,1,1472.26,2,3,4,23,At-Risk
16324,229,1,329.98,2,3,1,23,At-Risk
16326,45,1,1584.83,5,3,4,53,Potential Loyalists
16330,263,2,12.639999999999965,2,5,1,25,Cannot Lose Them
16333,32,3,6039.83,5,5,5,55,Champions
16335,340,1,231.71,1,3,1,13,At-Risk
16342,264,2,145.5500000000001,2,5,1,25,Cannot Lose Them
16346,176,1,313.54,3,3,1,33,Need Attention
16348,279,1,3146.9,2,3,5,23,At-Risk
16350,233,1,861.6800000000001,2,3,3,23,At-Risk
16352,55,1,146.37,5,3,1,53,Potential Loyalists
16353,172,1,241.64000000000001,3,3,1,33,Need Attention
16355,340,1,287.94,1,3,1,13,At-Risk
16356,249,2,662.81,2,5,2,25,Cannot Lose Them
16360,19,1,1673.7600000000002,5,3,4,53,Potential Loyalists
16361,238,2,786.1800000000001,2,5,3,25,Cannot Lose Them
16366,12,2,1362.1100000000001,5,5,4,55,Champions
16370,19,1,723.55,5,3,2,53,Potential Loyalists
16372,274,1,3072.0299999999997,2,3,5,23,At-Risk
16374,361,1,909.3799999999999,1,3,3,13,At-Risk
16375,266,1,2660.8,2,3,5,23,At-Risk
16378,170,2,3194.28,3,5,5,35,Loyal Customers
16379,217,2,2283.9,2,5,5,25,Cannot Lose Them
16384,40,1,730.38,5,3,2,53,Potential Loyalists
16388,122,2,1841.59,4,5,4,45,Loyal Customers
16390,4,2,1586.23,5,5,4,55,Champions
16394,163,2,926.56,3,5,3,35,Loyal Customers
16396,151,1,416.09999999999997,3,3,2,33,Need Attention
16397,79,2,1647.9099999999999,4,5,4,45,Loyal Customers
16400,98,1,605.64,4,3,2,43,Potential Loyalists
16406,136,1,241.46,3,3,1,33,Need Attention
16410,256,1,3676.4,2,3,5,23,At-Risk
16412,143,1,1082.98,3,3,3,33,Need Attention
16417,81,1,384.17999999999995,4,3,2,43,Potential Loyalists
16425,272,1,1242.97,2,3,4,23,At-Risk
16426,20,3,4186.49,5,5,5,55,Champions
16429,129,2,1201.3799999999999,4,5,3,45,Loyal Customers
16431,31,1,1921.62,5,3,4,53,Potential Loyalists
16432,68,1,199.79999999999998,4,3,1,43,Potential Loyalists
16434,322,1,1229.97,1,3,3,13,At-Risk
16435,150,1,1427.15,3,3,4,33,Need Attention
16436,118,2,90.44999999999999,4,5,1,45,Loyal Customers
16437,48,1,1441.0900000000001,5,3,4,53,Potential Loyalists
16438,239,1,156.85999999999999,2,3,1,23,At-Risk
16439,284,1,950.99,1,3,3,13,At-Risk
16440,202,2,3373.31,3,5,5,35,Loyal Customers
16442,86,1,633.02,4,3,2,43,Potential Loyalists
16444,267,1,1107.15,2,3,3,23,At-Risk
16445,74,1,1613.85,4,3,4,43,Potential Loyalists
16460,291,2,2872.82,1,5,5,15,Cannot Lose Them
16461,88,1,134.9,4,3,1,43,Potential Loyalists
16466,99,1,2702.99,4,3,5,43,Potential Loyalists
16468,293,1,2452.37,1,3,5,13,At-Risk
16469,301,1,1027.62,1,3,3,13,At-Risk
16471,263,1,1116.66,2,3,3,23,At-Risk
16472,187,1,1353.92,3,3,4,33,Need Attention
16474,259,2,277.40999999999997,2,5,1,25,Cannot Lose Them
16485,158,1,1938.02,3,3,4,33,Need Attention
16490,96,1,10.620000000000001,4,3,1,43,Potential Loyalists
16492,253,2,1721.62,2,5,4,25,Cannot Lose Them
16495,230,1,902.6100000000001,2,3,3,23,At-Risk
16500,136,1,719.5500000000001,3,3,2,33,Need Attention
16504,102,1,2383.92,4,3,5,43,Potential Loyalists
16505,14,1,2336.05,5,3,5,53,Potential Loyalists
16506,223,1,457.9,2,3,2,23,At-Risk
16507,228,1,930.81,2,3,3,23,At-Risk
16508,96,1,2066.31,4,3,5,43,Potential Loyalists
16509,126,1,877.88,4,3,3,43,Potential Loyalists
16516,194,1,1338.63,3,3,4,33,Need Attention
16518,114,1,1252.1100000000001,4,3,4,43,Potential Loyalists
16521,113,1,1277.43,4,3,4,43,Potential Loyalists
16522,48,2,3770.3799999999997,5,5,5,55,Champions
16526,203,1,55.68,3,3,1,33,Need Attention
16528,60,1,2596.65,5,3,5,53,Potential Loyalists
16531,176,1,49.559999999999995,3,3,1,33,Need Attention
16537,264,1,54.2,2,3,1,23,At-Risk
16538,159,2,190.3,3,5,1,35,Loyal Customers
16540,179,2,1752.0,3,5,4,35,Loyal Customers
16546,343,1,765.77,1,3,3,13,At-Risk
16547,138,1,326.88,3,3,1,33,Need Attention
16548,138,1,2098.5299999999997,3,3,5,33,Need Attention
16549,174,1,67.69999999999999,3,3,1,33,Need Attention
16550,172,2,623.54,3,5,2,35,Loyal Customers
16551,260,1,61.84,2,3,1,23,At-Risk
16552,19,1,637.69,5,3,2,53,Potential Loyalists
16558,111,1,1154.24,4,3,3,43,Potential Loyalists
16561,201,1,254.88,3,3,1,33,Need Attention
16562,296,1,1475.0700000000002,1,3,4,13,At-Risk
16563,213,2,663.24,2,5,2,25,Cannot Lose Them
16565,144,2,398.1,3,5,2,35,Loyal Customers
16566,122,1,549.51,4,3,2,43,Potential Loyalists
16568,352,1,538.09,1,3,2,13,At-Risk
16571,268,1,244.13,2,3,1,23,At-Risk
16576,175,1,1392.08,3,3,4,33,Need Attention
16577,68,1,1717.59,4,3,4,43,Potential Loyalists
16585,334,1,1662.89,1,3,4,13,At-Risk
16586,186,1,1666.08,3,3,4,33,Need Attention
16588,7,1,1796.8000000000002,5,3,4,53,Potential Loyalists
16589,44,2,3164.65,5,5,5,55,Champions
16592,91,2,404.76,4,5,2,45,Loyal Customers
16593,296,1,131.32,1,3,1,13,At-Risk
16594,218,1,2066.86,2,3,5,23,At-Risk
16596,71,2,1565.77,4,5,4,45,Loyal Customers
16597,53,2,3224.2799999999997,5,5,5,55,Champions
16600,2,1,340.28000000000003,5,3,1,53,Potential Loyalists
16601,127,1,2434.7000000000003,4,3,5,43,Potential Loyalists
16604,148,1,835.72,3,3,3,33,Need Attention
16609,276,1,382.16999999999996,2,3,2,23,At-Risk
16610,181,1,1714.23,3,3,4,33,Need Attention
16611,343,1,438.84,1,3,2,13,At-Risk
16615,263,1,2222.3999999999996,2,3,5,23,At-Risk
16617,231,1,2372.8199999999997,2,3,5,23,At-Risk
16619,281,1,1126.3400000000001,1,3,3,13,At-Risk
16623,72,1,707.6299999999999,4,3,2,43,Potential Loyalists
16625,107,1,2370.1800000000003,4,3,5,43,Potential Loyalists
16626,165,2,1757.19,3,5,4,35,Loyal Customers
16629,259,1,131.38,2,3,1,23,At-Risk
16631,183,1,212.01000000000002,3,3,1,33,Need Attention
16632,113,1,696.8000000000001,4,3,2,43,Potential Loyalists
16635,261,2,-117.96000000000004,2,5,1,25,Cannot Lose Them
16637,184,1,3109.17,3,3,5,33,Need Attention
16642,112,1,660.87,4,3,2,43,Potential Loyalists
16645,130,2,2240.79,4,5,5,45,Loyal Customers
16648,168,1,960.96,3,3,3,33,Need Attention
16654,97,1,885.4699999999998,4,3,3,43,Potential Loyalists
16657,324,1,115.22,1,3,1,13,At-Risk
16658,88,1,434.40000000000003,4,3,2,43,Potential Loyalists
16661,202,1,1295.03,3,3,4,33,Need Attention
16669,132,1,159.49,4,3,1,43,Potential Loyalists
16672,74,1,854.49,4,3,3,43,Potential Loyalists
16673,288,1,1241.06,1,3,4,13,At-Risk
16676,291,1,501.69,1,3,2,13,At-Risk
16678,263,1,192.92,2,3,1,23,At-Risk
16679,33,2,1673.7,5,5,4,55,Champions
16682,319,1,365.98999999999995,1,3,2,13,At-Risk
16683,70,1,432.9100000000001,4,3,2,43,Potential Loyalists
16685,103,3,907.3199999999999,4,5,3,45,Loyal Customers
16687,100,1,107.07000000000001,4,3,1,43,Potential Loyalists
16688,222,2,1534.22,2,5,4,25,Cannot Lose Them
16690,283,1,669.55,1,3,2,13,At-Risk
16692,109,1,345.0,4,3,1,43,Potential Loyalists
16696,18,1,2516.6,5,3,5,53,Potential Loyalists
16700,173,1,1898.04,3,3,4,33,Need Attention
16701,283,1,944.71,1,3,3,13,At-Risk
16702,136,1,198.88,3,3,1,33,Need Attention
16703,345,1,923.12,1,3,3,13,At-Risk
16716,64,1,993.8399999999999,5,3,3,53,Potential Loyalists
16718,302,1,746.88,1,3,2,13,At-Risk
16725,253,1,1398.92,2,3,4,23,At-Risk
16728,278,1,567.6500000000001,2,3,2,23,At-Risk
16729,224,1,1591.28,2,3,4,23,At-Risk
16731,279,2,929.69,2,5,3,25,Cannot Lose Them
16734,199,1,921.31,3,3,3,33,Need Attention
16735,319,1,2558.98,1,3,5,13,At-Risk
16744,155,1,3258.5499999999997,3,3,5,33,Need Attention
16745,30,3,5028.299999999999,5,5,5,55,Champions
16746,160,2,629.77,3,5,2,35,Loyal Customers
16754,232,2,1527.58,2,5,4,25,Cannot Lose Them
16757,181,1,81.68,3,3,1,33,Need Attention
16758,75,1,645.06,4,3,2,43,Potential Loyalists
16762,183,1,305.90000000000003,3,3,1,33,Need Attention
16766,180,1,752.4000000000001,3,3,2,33,Need Attention
16768,230,1,291.6,2,3,1,23,At-Risk
16770,81,1,292.23,4,3,1,43,Potential Loyalists
16774,218,2,196.21,2,5,1,25,Cannot Lose Them
16777,193,1,509.5,3,3,2,33,Need Attention
16778,173,1,762.29,3,3,3,33,Need Attention
16782,165,1,829.3399999999999,3,3,3,33,Need Attention
16786,363,1,1032.38,1,3,3,13,At-Risk
16790,260,1,1904.53,2,3,4,23,At-Risk
16795,235,1,410.90999999999997,2,3,2,23,At-Risk
16796,217,1,-1.24,2,3,1,23,At-Risk
16797,351,1,2159.7,1,3,5,13,At-Risk
16798,259,1,610.6,2,3,2,23,At-Risk
16800,171,2,2095.54,3,5,5,35,Loyal Customers
16803,291,1,850.52,1,3,3,13,At-Risk
16805,193,2,1033.93,3,5,3,35,Loyal Customers
16806,315,1,647.79,1,3,2,13,At-Risk
16807,7,1,669.75,5,3,2,53,Potential Loyalists
16808,127,2,3574.82,4,5,5,45,Loyal Customers
16810,292,1,900.8,1,3,3,13,At-Risk
16812,12,1,71.6,5,3,1,53,Potential Loyalists
16813,130,1,2408.9,4,3,5,43,Potential Loyalists
16814,28,2,2609.6000000000004,5,5,5,55,Champions
16821,181,1,407.14,3,3,2,33,Need Attention
16824,25,1,662.6,5,3,2,53,Potential Loyalists
16826,363,1,39.7,1,3,1,13,At-Risk
16832,282,1,2898.67,1,3,5,13,At-Risk
16840,343,1,202.2,1,3,1,13,At-Risk
16841,196,1,472.13,3,3,2,33,Need Attention
16843,95,1,503.95000000000005,4,3,2,43,Potential Loyalists
16844,135,1,667.9,3,3,2,33,Need Attention
16845,221,1,89.32,2,3,1,23,At-Risk
16853,309,1,3354.1800000000003,1,3,5,13,At-Risk
16856,105,1,1376.19,4,3,4,43,Potential Loyalists
16859,147,1,455.80999999999995,3,3,2,33,Need Attention
16864,338,1,33.21,1,3,1,13,At-Risk
16865,283,1,536.48,1,3,2,13,At-Risk
16870,181,1,1537.46,3,3,4,33,Need Attention
16871,256,1,908.7,2,3,3,23,At-Risk
16875,65,1,1356.14,4,3,4,43,Potential Loyalists
16876,169,2,1035.55,3,5,3,35,Loyal Customers
16879,295,1,506.68999999999994,1,3,2,13,At-Risk
16888,259,1,2761.22,2,3,5,23,At-Risk
16891,285,1,643.52,1,3,2,13,At-Risk
16892,277,2,1053.1299999999999,2,5,3,25,Cannot Lose Them
16895,197,1,1694.53,3,3,4,33,Need Attention
16900,236,1,3046.56,2,3,5,23,At-Risk
16901,251,1,696.73,2,3,2,23,At-Risk
16903,202,1,1622.59,3,3,4,33,Need Attention
16908,210,1,1757.8,2,3,4,23,At-Risk
16910,71,1,958.83,4,3,3,43,Potential Loyalists
16917,224,2,1077.5,2,5,3,25,Cannot Lose Them
16919,310,1,590.28,1,3,2,13,At-Risk
16924,123,3,1725.3,4,5,4,45,Loyal Customers
16925,189,1,1405.23,3,3,4,33,Need Attention
16929,69,1,1513.79,4,3,4,43,Potential Loyalists
16930,109,1,1443.78,4,3,4,43,Potential Loyalists
16931,346,1,49.5,1,3,1,13,At-Risk
16934,169,2,2545.9900000000002,3,5,5,35,Loyal Customers
16937,71,1,687.63,4,3,2,43,Potential Loyalists
16942,228,1,3367.44,2,3,5,23,At-Risk
16949,257,2,2313.5600000000004,2,5,5,25,Cannot Lose Them
16952,242,1,845.91,2,3,3,23,At-Risk
16953,13,1,341.2,5,3,1,53,Potential Loyalists
16959,163,1,1872.3200000000002,3,3,4,33,Need Attention
16966,63,2,980.46,5,5,3,55,Champions
16969,60,2,-0.4300000000000068,5,5,1,55,Champions
16971,158,1,2201.68,3,3,5,33,Need Attention
16978,303,1,931.1600000000001,1,3,3,13,At-Risk
16989,334,2,-212.65999999999997,1,5,1,15,Cannot Lose Them
16991,73,1,814.35,4,3,3,43,Potential Loyalists
16993,240,1,1912.8300000000002,2,3,4,23,At-Risk
16997,60,2,2156.54,5,5,5,55,Champions
17004,140,1,589.78,3,3,2,33,Need Attention
17005,261,1,685.2199999999999,2,3,2,23,At-Risk
17006,66,2,1548.3600000000001,4,5,4,45,Loyal Customers
17007,83,1,5040.78,4,3,5,43,Potential Loyalists
17009,10,1,2166.14,5,3,5,53,Potential Loyalists
17018,146,1,2695.01,3,3,5,33,Need Attention
17027,361,1,535.8100000000001,1,3,2,13,At-Risk
17033,33,1,2890.0,5,3,5,53,Potential Loyalists
17036,241,1,1286.69,2,3,4,23,At-Risk
17037,133,2,1749.29,3,5,4,35,Loyal Customers
17038,263,1,698.14,2,3,2,23,At-Risk
17039,139,2,1818.65,3,5,4,35,Loyal Customers
17040,268,3,2465.2200000000003,2,5,5,25,Cannot Lose Them
17042,173,1,1117.91,3,3,3,33,Need Attention
17047,339,1,728.9,1,3,2,13,At-Risk
17056,143,1,1794.17,3,3,4,33,Need Attention
17060,297,1,135.2,1,3,1,13,At-Risk
17064,3,3,3806.66,5,5,5,55,Champions
17074,79,1,1188.71,4,3,3,43,Potential Loyalists
17078,331,1,4064.81,1,3,5,13,At-Risk
17082,62,1,205.59,5,3,1,53,Potential Loyalists
17084,253,1,23.939999999999998,2,3,1,23,At-Risk
17086,122,1,338.83000000000004,4,3,1,43,Potential Loyalists
17089,265,1,435.90999999999997,2,3,2,23,At-Risk
17091,213,1,1025.72,2,3,3,23,At-Risk
17094,14,1,1747.1999999999998,5,3,4,53,Potential Loyalists
17096,323,1,835.56,1,3,3,13,At-Risk
17098,261,3,3664.15,2,5,5,25,Cannot Lose Them
17104,241,2,4659.46,2,5,5,25,Cannot Lose Them
17108,285,1,138.1,1,3,1,13,At-Risk
17113,35,2,4131.59,5,5,5,55,Champions
17114,63,1,2047.54,5,3,5,53,Potential Loyalists
17119,228,1,881.3400000000001,2,3,3,23,At-Risk
17120,323,1,265.84999999999997,1,3,1,13,At-Risk
17126,17,2,780.14,5,5,3,55,Champions
17129,168,1,493.8,3,3,2,33,Need Attention
17132,364,1,454.75000000000006,1,3,2,13,At-Risk
17136,141,2,757.11,3,5,3,35,Loyal Customers
17138,9,1,2206.79,5,3,5,53,Potential Loyalists
17145,27,1,2976.14,5,3,5,53,Potential Loyalists
17150,54,2,1357.18,5,5,4,55,Champions
17151,181,1,1703.06,3,3,4,33,Need Attention
17155,127,1,1706.61,4,3,4,43,Potential Loyalists
17156,193,1,1188.83,3,3,3,33,Need Attention
17158,64,1,483.92,5,3,2,53,Potential Loyalists
17162,15,3,268.22999999999996,5,5,1,55,Champions
17165,168,2,655.71,3,5,2,35,Loyal Customers
17169,160,1,1582.8,3,3,4,33,Need Attention
17176,132,1,1602.17,4,3,4,43,Potential Loyalists
17179,122,1,957.99,4,3,3,43,Potential Loyalists
17181,303,1,2256.46,1,3,5,13,At-Risk
17182,101,2,1476.48,4,5,4,45,Loyal Customers
17183,190,1,251.1,3,3,1,33,Need Attention
17188,142,1,979.99,3,3,3,33,Need Attention
17191,70,1,1720.25,4,3,4,43,Potential Loyalists
17194,149,1,459.42,3,3,2,33,Need Attention
17199,31,1,510.83000000000004,5,4,2,54,Champions
17200,122,1,3317.99,4,4,5,44,Loyal Customers
17202,110,1,3293.04,4,4,5,44,Loyal Customers
17216,45,1,991.75,5,4,3,54,Champions
17217,57,2,1266.6200000000001,5,5,4,55,Champions
17218,115,2,1537.9,4,5,4,45,Loyal Customers
17219,72,3,1447.49,4,5,4,45,Loyal Customers
17220,208,1,1272.3,3,4,4,34,Loyal Customers
17225,228,2,1722.8000000000002,2,5,4,25,Cannot Lose Them
17228,44,1,715.66,5,4,2,54,Champions
17229,203,1,1344.97,3,4,4,34,Loyal Customers
17236,98,1,1664.9,4,4,4,44,Loyal Customers
17240,329,1,1.4,1,4,1,14,At-Risk
17243,102,1,3153.62,4,4,5,44,Loyal Customers
17244,343,1,1235.34,1,4,3,14,At-Risk
17250,302,1,433.26,1,4,2,14,At-Risk
17251,165,1,1785.62,3,4,4,34,Loyal Customers
17252,67,1,860.3000000000001,4,4,3,44,Loyal Customers
17253,107,2,1696.61,4,5,4,45,Loyal Customers
17254,61,1,227.16,5,4,1,54,Champions
17256,350,2,166.28,1,5,1,15,Cannot Lose Them
17259,165,2,992.7,3,5,3,35,Loyal Customers
17261,51,2,2191.5,5,5,5,55,Champions
17262,132,2,324.05,4,5,1,45,Loyal Customers
17270,107,1,3218.56,4,4,5,44,Loyal Customers
17276,58,2,1014.1099999999999,5,5,3,55,Champions
17280,360,1,994.28,1,4,3,14,At-Risk
17281,216,1,1278.13,2,4,4,24,At-Risk
17282,39,6,8588.96,5,5,5,55,Champions
17285,265,1,456.28,2,4,2,24,At-Risk
17289,66,1,475.06,4,4,2,44,Loyal Customers
17295,325,1,1777.76,1,4,4,14,At-Risk
17296,36,1,146.74999999999997,5,4,1,54,Champions
17298,364,1,1078.04,1,4,3,14,At-Risk
17300,71,1,186.88,4,4,1,44,Loyal Customers
17302,85,1,368.09999999999997,4,4,2,44,Loyal Customers
17303,78,2,4665.32,4,5,5,45,Loyal Customers
17307,291,1,21.72,1,4,1,14,At-Risk
17315,110,1,207.18,4,4,1,44,Loyal Customers
17316,236,2,776.6399999999999,2,5,3,25,Cannot Lose Them
17318,335,1,928.21,1,4,3,14,At-Risk
17320,24,1,483.2,5,4,2,54,Champions
17322,221,1,125.97,2,4,1,24,At-Risk
17323,44,2,2029.9699999999998,5,5,5,55,Champions
17326,121,2,3464.3700000000003,4,5,5,45,Loyal Customers
17328,260,1,-111.06,2,4,1,24,At-Risk
17329,336,1,702.63,1,4,2,14,At-Risk
17334,176,2,2427.07,3,5,5,35,Loyal Customers
17340,222,1,405.78999999999996,2,4,2,24,At-Risk
17341,8,3,483.51,5,5,2,55,Champions
17342,164,1,1205.56,3,4,3,34,Loyal Customers
17344,30,1,566.58,5,4,2,54,Champions
17346,286,1,1237.81,1,4,3,14,At-Risk
17347,313,1,974.3499999999999,1,4,3,14,At-Risk
17351,31,1,311.96,5,4,1,54,Champions
17352,88,1,141.34,4,4,1,44,Loyal Customers
17358,290,1,1615.13,1,4,4,14,At-Risk
17359,305,1,363.33,1,4,1,14,At-Risk
17360,227,1,1285.37,2,4,4,24,At-Risk
17361,179,1,243.66,3,4,1,34,Loyal Customers
17362,282,1,692.74,1,4,2,14,At-Risk
17364,115,1,1275.77,4,4,4,44,Loyal Customers
17366,118,1,740.8899999999999,4,4,2,44,Loyal Customers
17370,39,1,806.7,5,4,3,54,Champions
17375,256,1,295.56,2,4,1,24,At-Risk
17392,30,3,7409.21,5,5,5,55,Champions
17394,4,1,1541.9399999999998,5,4,4,54,Champions
17400,36,1,259.76,5,4,1,54,Champions
17403,285,1,26.759999999999998,1,4,1,14,At-Risk
17405,306,1,1092.75,1,4,3,14,At-Risk
17415,201,1,33.22,3,4,1,34,Loyal Customers
17418,44,2,1910.06,5,5,4,55,Champions
17419,142,1,876.17,3,4,3,34,Loyal Customers
17423,208,1,1012.46,3,4,3,34,Loyal Customers
17424,26,1,4540.94,5,4,5,54,Champions
17425,179,1,1943.35,3,4,4,34,Loyal Customers
17426,26,2,2191.2,5,5,5,55,Champions
17427,207,1,2149.74,3,4,5,34,Loyal Customers
17428,110,1,2524.3799999999997,4,4,5,44,Loyal Customers
17431,105,1,179.17999999999998,4,4,1,44,Loyal Customers
17439,76,1,1491.87,4,4,4,44,Loyal Customers
17449,102,2,2442.71,4,5,5,45,Loyal Customers
17450,77,2,2889.19,4,5,5,45,Loyal Customers
17452,99,1,1393.29,4,4,4,44,Loyal Customers
17454,152,1,304.72,3,4,1,34,Loyal Customers
17458,191,1,1647.28,3,4,4,34,Loyal Customers
17460,81,2,6140.83,4,5,5,45,Loyal Customers
17466,9,1,3093.82,5,4,5,54,Champions
17471,77,1,661.8399999999999,4,4,2,44,Loyal Customers
17472,318,1,562.4,1,4,2,14,At-Risk
17474,96,1,82.84,4,4,1,44,Loyal Customers
17476,25,2,3209.24,5,5,5,55,Champions
17477,337,1,1119.65,1,4,3,14,At-Risk
17478,42,2,3174.84,5,5,5,55,Champions
17482,218,1,1502.49,2,4,4,24,At-Risk
17486,45,1,1709.28,5,4,4,54,Champions
17488,112,1,624.03,4,4,2,44,Loyal Customers
17492,2,1,332.62,5,4,1,54,Champions
17493,252,1,271.78,2,4,1,24,At-Risk
17495,218,2,931.4100000000001,2,5,3,25,Cannot Lose Them
17496,127,1,323.75000000000006,4,4,1,44,Loyal Customers
17501,110,2,1480.5499999999997,4,5,4,45,Loyal Customers
17503,21,1,1045.44,5,4,3,54,Champions
17505,124,1,639.88,4,4,2,44,Loyal Customers
17509,326,1,674.8,1,4,2,14,At-Risk
17513,41,2,701.6999999999999,5,5,2,55,Champions
17519,29,1,418.82,5,4,2,54,Champions
17520,108,2,1154.7199999999998,4,5,3,45,Loyal Customers
17523,68,2,-169.74999999999994,4,5,1,45,Loyal Customers
17524,72,1,2167.4,4,4,5,44,Loyal Customers
17526,206,1,234.23,3,4,1,34,Loyal Customers
17527,276,1,324.51,2,4,1,24,At-Risk
17529,325,1,1148.31,1,4,3,14,At-Risk
17530,352,1,1295.5,1,4,4,14,At-Risk
17531,299,1,657.86,1,4,2,14,At-Risk
17536,97,1,767.83,4,4,3,44,Loyal Customers
17539,352,1,719.52,1,4,2,14,At-Risk
17540,242,4,2303.25,2,5,5,25,Cannot Lose Them
17542,313,1,491.71000000000004,1,4,2,14,At-Risk
17543,32,3,285.84000000000003,5,5,1,55,Champions
17549,228,1,2038.48,2,4,5,24,At-Risk
17550,226,1,1146.3200000000002,2,4,3,24,At-Risk
17551,141,1,628.31,3,4,2,34,Loyal Customers
17556,28,1,272.7,5,4,1,54,Champions
17566,268,1,1528.08,2,4,4,24,At-Risk
17568,94,1,3372.46,4,4,5,44,Loyal Customers
17569,129,1,892.0899999999999,4,4,3,44,Loyal Customers
17573,343,1,362.29,1,4,1,14,At-Risk
17574,277,1,186.0,2,4,1,24,At-Risk
17577,172,1,1455.13,3,4,4,34,Loyal Customers
17580,11,2,2425.44,5,5,5,55,Champions
17581,121,2,2558.93,4,5,5,45,Loyal Customers
17584,320,1,1625.4999999999998,1,4,4,14,At-Risk
17585,293,1,154.55,1,4,1,14,At-Risk
17591,118,1,3023.32,4,4,5,44,Loyal Customers
17592,312,1,397.14,1,4,2,14,At-Risk
17597,222,1,1049.1499999999999,2,4,3,24,At-Risk
17598,57,1,643.26,5,4,2,54,Champions
17600,89,3,1907.19,4,5,4,45,Loyal Customers
17601,250,2,3360.9399999999996,2,5,5,25,Cannot Lose Them
17603,5,1,506.84000000000003,5,4,2,54,Champions
17604,77,1,835.8599999999999,4,4,3,44,Loyal Customers
17607,283,1,620.41,1,4,2,14,At-Risk
17611,226,1,1565.85,2,4,4,24,At-Risk
17612,166,2,2264.34,3,5,5,35,Loyal Customers
17613,308,1,1324.43,1,4,4,14,At-Risk
17615,299,2,2731.65,1,5,5,15,Cannot Lose Them
17621,213,1,39.47,2,4,1,24,At-Risk
17624,235,1,729.3299999999999,2,4,2,24,At-Risk
17627,78,1,578.35,4,4,2,44,Loyal Customers
17632,279,1,582.35,2,4,2,24,At-Risk
17635,273,1,1881.12,2,4,4,24,At-Risk
17641,333,1,159.41,1,4,1,14,At-Risk
17651,324,2,-699.56,1,5,1,15,Cannot Lose Them
17652,241,1,3177.34,2,4,5,24,At-Risk
17656,116,1,421.08000000000004,4,4,2,44,Loyal Customers
17659,93,1,53.099999999999994,4,4,1,44,Loyal Customers
17660,31,1,1353.03,5,4,4,54,Champions
17661,130,1,1373.1100000000001,4,4,4,44,Loyal Customers
17662,152,1,767.52,3,4,3,34,Loyal Customers
17664,323,1,2781.1,1,4,5,14,At-Risk
17665,131,3,2509.75,4,5,5,45,Loyal Customers
17666,229,2,1067.22,2,5,3,25,Cannot Lose Them
17672,23,2,2377.45,5,5,5,55,Champions
17678,49,3,1244.24,5,5,4,55,Champions
17679,346,1,1218.62,1,4,3,14,At-Risk
17682,335,1,23.869999999999997,1,4,1,14,At-Risk
17683,360,1,1792.58,1,4,4,14,At-Risk
17684,141,1,257.87,3,4,1,34,Loyal Customers
17688,244,1,1512.3200000000002,2,4,4,24,At-Risk
17689,74,1,1830.59,4,4,4,44,Loyal Customers
17690,354,1,177.54,1,4,1,14,At-Risk
17695,39,1,3173.33,5,4,5,54,Champions
17697,292,1,616.16,1,4,2,14,At-Risk
17698,265,1,903.04,2,4,3,24,At-Risk
17699,229,1,1553.58,2,4,4,24,At-Risk
17708,231,2,809.32,2,5,3,25,Cannot Lose Them
17717,241,2,1985.81,2,5,4,25,Cannot Lose Them
17718,339,1,763.0400000000001,1,4,3,14,At-Risk
17721,299,1,612.0899999999999,1,4,2,14,At-Risk
17725,134,2,875.6600000000001,3,5,3,35,Loyal Customers
17726,124,1,918.42,4,4,3,44,Loyal Customers
17728,317,2,3697.65,1,5,5,15,Cannot Lose Them
17731,362,1,1165.16,1,4,3,14,At-Risk
17732,353,1,2261.93,1,4,5,14,At-Risk
17737,79,1,840.64,4,4,3,44,Loyal Customers
17740,68,1,411.55,4,4,2,44,Loyal Customers
17742,30,2,7.900000000000034,5,5,1,55,Champions
17748,185,1,1082.81,3,4,3,34,Loyal Customers
17749,230,1,375.32,2,4,2,24,At-Risk
17753,121,1,1745.49,4,4,4,44,Loyal Customers
17759,67,2,313.71,4,5,1,45,Loyal Customers
17760,271,1,1328.7,2,4,4,24,At-Risk
17762,300,1,865.94,1,4,3,14,At-Risk
17764,313,1,146.16,1,4,1,14,At-Risk
17766,112,2,3758.38,4,5,5,45,Loyal Customers
17767,16,1,2179.83,5,4,5,54,Champions
17771,109,2,4050.9700000000003,4,5,5,45,Loyal Customers
17772,143,2,2243.43,3,5,5,35,Loyal Customers
17778,80,1,664.56,4,4,2,44,Loyal Customers
17781,350,1,436.48,1,4,2,14,At-Risk
17782,218,1,1351.77,2,4,4,24,At-Risk
17783,288,3,35.499999999999986,1,5,1,15,Cannot Lose Them
17785,22,2,1734.69,5,5,4,55,Champions
17788,130,2,736.22,4,5,2,45,Loyal Customers
17791,128,1,1029.96,4,4,3,44,Loyal Customers
17794,151,1,1940.75,3,4,4,34,Loyal Customers
17799,104,1,1271.71,4,4,4,44,Loyal Customers
17802,42,1,546.6400000000001,5,4,2,54,Champions
17803,33,2,1001.2,5,5,3,55,Champions
17805,222,1,199.8,2,4,1,24,At-Risk
17809,253,1,546.57,2,4,2,24,At-Risk
17810,75,2,3204.03,4,5,5,45,Loyal Customers
17811,17,1,891.11,5,4,3,54,Champions
17812,95,3,4017.19,4,5,5,45,Loyal Customers
17813,35,1,533.35,5,4,2,54,Champions
17814,15,1,704.9799999999999,5,4,2,54,Champions
17815,331,1,1255.77,1,4,4,14,At-Risk
17817,113,1,3127.87,4,4,5,44,Loyal Customers
17818,184,2,319.07,3,5,1,35,Loyal Customers
17820,304,2,2280.62,1,5,5,15,Cannot Lose Them
17822,256,1,939.72,2,4,3,24,At-Risk
17823,277,1,1570.1499999999999,2,4,4,24,At-Risk
17825,210,1,751.09,2,4,2,24,At-Risk
17826,124,2,404.02000000000004,4,5,2,45,Loyal Customers
17827,245,1,177.51,2,4,1,24,At-Risk
17832,139,1,42.32,3,4,1,34,Loyal Customers
17834,36,1,371.09999999999997,5,4,2,54,Champions
17836,232,1,1214.68,2,4,3,24,At-Risk
17839,295,1,2225.95,1,4,5,14,At-Risk
17841,72,1,1270.62,4,4,4,44,Loyal Customers
17846,34,2,129.26000000000005,5,5,1,55,Champions
17847,359,1,377.58,1,4,2,14,At-Risk
17849,178,1,215.46,3,4,1,34,Loyal Customers
17852,11,1,1345.74,5,4,4,54,Champions
17853,179,1,415.02000000000004,3,4,2,34,Loyal Customers
17858,121,1,708.04,4,4,2,44,Loyal Customers
17860,182,1,404.40999999999997,3,4,2,34,Loyal Customers
17862,317,1,733.7199999999999,1,4,2,14,At-Risk
17863,80,1,528.3299999999999,4,4,2,44,Loyal Customers
17867,66,1,2645.59,4,4,5,44,Loyal Customers
17870,281,1,111.85000000000001,1,4,1,14,At-Risk
17871,289,1,748.96,1,4,2,14,At-Risk
17877,85,1,851.5400000000001,4,4,3,44,Loyal Customers
17879,171,1,683.1,3,4,2,34,Loyal Customers
17884,113,1,980.48,4,4,3,44,Loyal Customers
17890,79,2,1920.1799999999998,4,5,4,45,Loyal Customers
17894,291,2,2062.31,1,5,5,15,Cannot Lose Them
17897,256,1,751.62,2,4,2,24,At-Risk
17898,57,2,1243.15,5,5,4,55,Champions
17899,209,2,1893.6599999999999,2,5,4,25,Cannot Lose Them
17900,69,2,1749.95,4,5,4,45,Loyal Customers
17902,7,2,1713.3799999999999,5,5,4,55,Champions
17905,115,1,1155.46,4,4,3,44,Loyal Customers
17909,15,1,689.69,5,4,2,54,Champions
17910,13,1,236.44,5,4,1,54,Champions
17914,336,1,36.300000000000004,1,4,1,14,At-Risk
17917,106,1,626.3399999999999,4,4,2,44,Loyal Customers
17918,228,1,1776.5900000000001,2,4,4,24,At-Risk
17921,84,1,612.68,4,4,2,44,Loyal Customers
17922,231,1,1666.85,2,4,4,24,At-Risk
17924,181,2,3055.1800000000003,3,5,5,35,Loyal Customers
17929,54,4,3387.03,5,5,5,55,Champions
17931,360,1,3248.53,1,4,5,14,At-Risk
17934,45,1,3979.91,5,4,5,54,Champions
17938,116,1,853.24,4,4,3,44,Loyal Customers
17939,186,1,1512.41,3,4,4,34,Loyal Customers
17942,321,2,4753.93,1,5,5,15,Cannot Lose Them
17943,311,1,583.06,1,4,2,14,At-Risk
17944,254,1,443.76,2,4,2,24,At-Risk
17947,194,1,518.65,3,4,2,34,Loyal Customers
17950,122,1,3355.25,4,4,5,44,Loyal Customers
17952,113,1,870.4100000000001,4,4,3,44,Loyal Customers
17954,251,1,389.08,2,4,2,24,At-Risk
17958,120,3,3269.1400000000003,4,5,5,45,Loyal Customers
17960,132,1,644.6600000000001,4,4,2,44,Loyal Customers
17961,71,1,756.81,4,4,3,44,Loyal Customers
17965,120,1,364.08,4,4,2,44,Loyal Customers
17967,23,1,1067.51,5,4,3,54,Champions
17968,133,1,817.12,3,4,3,34,Loyal Customers
17969,150,2,108.20999999999998,3,5,1,35,Loyal Customers
17970,133,2,806.09,3,5,3,35,Loyal Customers
17971,235,2,1247.46,2,5,4,25,Cannot Lose Them
17972,49,1,838.2900000000001,5,4,3,54,Champions
17973,179,3,2853.93,3,5,5,35,Loyal Customers
17976,74,1,63.0,4,4,1,44,Loyal Customers
17979,337,1,758.37,1,4,3,14,At-Risk
17980,144,2,2028.54,3,5,5,35,Loyal Customers
17982,333,1,292.8,1,4,1,14,At-Risk
17985,272,1,731.87,2,4,2,24,At-Risk
17987,128,1,1203.23,4,4,3,44,Loyal Customers
17989,247,1,683.93,2,4,2,24,At-Risk
17990,145,1,1402.2799999999997,3,4,4,34,Loyal Customers
17993,19,3,591.3,5,5,2,55,Champions
17996,232,1,984.29,2,4,3,24,At-Risk
17998,111,1,1259.8799999999999,4,4,4,44,Loyal Customers
17999,186,1,4336.04,3,4,5,34,Loyal Customers
18002,286,1,3304.29,1,4,5,14,At-Risk
18007,29,3,3888.76,5,5,5,55,Champions
18013,83,1,509.79999999999995,4,4,2,44,Loyal Customers
18015,130,1,517.98,4,4,2,44,Loyal Customers
18017,222,1,1377.22,2,4,4,24,At-Risk
18020,215,1,23.5,2,4,1,24,At-Risk
18023,161,2,3838.84,3,5,5,35,Loyal Customers
18026,361,1,430.61999999999995,1,4,2,14,At-Risk
18027,321,1,344.24,1,4,1,14,At-Risk
18029,292,1,1373.45,1,4,4,14,At-Risk
18040,316,1,877.26,1,4,3,14,At-Risk
18041,181,1,749.31,3,4,2,34,Loyal Customers
18050,227,1,279.88,2,4,1,24,At-Risk
18053,189,2,1164.0,3,5,3,35,Loyal Customers
18054,249,1,2303.53,2,4,5,24,At-Risk
18063,341,1,718.99,1,4,2,14,At-Risk
18064,91,1,1366.63,4,4,4,44,Loyal Customers
18065,90,2,6594.37,4,5,5,45,Loyal Customers
18066,332,1,53.349999999999994,1,4,1,14,At-Risk
18068,85,1,704.1899999999999,4,4,2,44,Loyal Customers
18072,216,1,2141.02,2,4,5,24,At-Risk
18078,200,2,1466.5900000000001,3,5,4,35,Loyal Customers
18079,202,2,195.63,3,5,1,35,Loyal Customers
18082,238,1,1078.5800000000002,2,4,3,24,At-Risk
18083,24,4,4543.45,5,5,5,55,Champions
18088,76,2,984.8100000000001,4,5,3,45,Loyal Customers
18101,82,2,1280.78,4,5,4,45,Loyal Customers
18104,150,1,29.82,3,4,1,34,Loyal Customers
18105,6,1,333.21,5,4,1,54,Champions
18107,253,2,1224.9199999999998,2,5,3,25,Cannot Lose Them
18109,84,2,856.3,4,5,3,45,Loyal Customers
18110,40,1,1345.61,5,4,4,54,Champions
18114,241,2,3007.79,2,5,5,25,Cannot Lose Them
18115,12,1,1762.85,5,4,4,54,Champions
18120,343,1,745.86,1,4,2,14,At-Risk
18121,224,1,1141.1100000000001,2,4,3,24,At-Risk
18125,191,1,366.02000000000004,3,4,2,34,Loyal Customers
18127,128,1,695.6,4,4,2,44,Loyal Customers
18129,329,1,338.5,1,4,1,14,At-Risk
18131,278,1,22.36,2,4,1,24,At-Risk
18133,71,2,2505.97,4,5,5,45,Loyal Customers
18134,329,1,408.34,1,4,2,14,At-Risk
18135,35,1,937.42,5,4,3,54,Champions
18139,161,1,1225.6599999999999,3,4,3,34,Loyal Customers
18142,219,2,3028.3199999999997,2,5,5,25,Cannot Lose Them
18144,177,1,1183.7,3,4,3,34,Loyal Customers
18146,24,1,439.75,5,4,2,54,Champions
18149,193,2,2485.2400000000002,3,5,5,35,Loyal Customers
18150,142,1,251.85999999999999,3,4,1,34,Loyal Customers
18151,154,1,547.9100000000001,3,4,2,34,Loyal Customers
18153,122,1,914.5900000000001,4,4,3,44,Loyal Customers
18154,180,1,125.51,3,4,1,34,Loyal Customers
18156,304,1,1644.91,1,4,4,14,At-Risk
18157,154,1,260.64,3,4,1,34,Loyal Customers
18158,112,1,1774.23,4,4,4,44,Loyal Customers
18159,261,1,968.94,2,4,3,24,At-Risk
18160,364,1,458.28000000000003,1,4,2,14,At-Risk
18161,249,1,1797.31,2,4,4,24,At-Risk
18162,137,1,50.550000000000004,3,4,1,34,Loyal Customers
18172,79,1,835.4300000000001,4,4,3,44,Loyal Customers
18175,260,1,1027.8,2,4,3,24,At-Risk
18178,186,1,1300.7,3,4,4,34,Loyal Customers
18179,19,3,1105.69,5,5,3,55,Champions
18182,130,2,2721.44,4,5,5,45,Loyal Customers
18187,340,1,97.95,1,4,1,14,At-Risk
18189,83,1,2013.95,4,4,5,44,Loyal Customers
18193,31,1,248.52000000000004,5,4,1,54,Champions
18194,267,1,462.65999999999997,2,4,2,24,At-Risk
18196,61,1,2178.06,5,4,5,54,Champions
18197,50,1,1349.03,5,4,4,54,Champions
18198,277,1,2276.01,2,4,5,24,At-Risk
18206,334,1,2207.56,1,4,5,14,At-Risk
18209,316,1,309.68,1,4,1,14,At-Risk
18211,47,2,474.78000000000003,5,5,2,55,Champions
18213,100,2,813.74,4,5,3,45,Loyal Customers
18217,165,1,839.48,3,4,3,34,Loyal Customers
18218,269,1,261.46000000000004,2,4,1,24,At-Risk
18219,339,1,361.15999999999997,1,4,1,14,At-Risk
18221,64,1,327.83,5,4,1,54,Champions
18224,139,2,3022.5600000000004,3,5,5,35,Loyal Customers
18225,235,1,2165.23,2,4,5,24,At-Risk
18227,229,1,55.45,2,4,1,24,At-Risk
18229,92,3,2687.16,4,5,5,45,Loyal Customers
18230,228,1,33.660000000000004,2,4,1,24,At-Risk
18233,95,1,1327.96,4,4,4,44,Loyal Customers
18234,252,2,2555.55,2,5,5,25,Cannot Lose Them
18236,66,3,2113.3,4,5,5,45,Loyal Customers
18237,224,1,1461.47,2,4,4,24,At-Risk
18238,106,1,599.1999999999999,4,4,2,44,Loyal Customers
18240,316,1,1191.04,1,4,3,14,At-Risk
18241,63,1,676.78,5,4,2,54,Champions
18242,336,2,1669.4899999999998,1,5,4,15,Cannot Lose Them
18244,360,1,1532.97,1,4,4,14,At-Risk
18245,205,1,1596.42,3,4,4,34,Loyal Customers
18247,1,1,1655.15,5,4,4,54,Champions
18253,78,2,1604.46,4,5,4,45,Loyal Customers
18259,85,1,654.2500000000001,4,4,2,44,Loyal Customers
18261,322,1,873.9300000000001,1,4,3,14,At-Risk
18263,67,1,536.12,4,4,2,44,Loyal Customers
18267,211,1,585.9,2,4,2,24,At-Risk
18268,330,1,-621.25,1,4,1,14,At-Risk
18269,11,1,126.31,5,4,1,54,Champions
18274,110,1,1189.2200000000003,4,4,3,44,Loyal Customers
18278,299,1,53.36,1,4,1,14,At-Risk
18280,228,1,93.71,2,4,1,24,At-Risk
18283,63,1,1516.15,5,4,4,54,Champions
18286,254,1,796.16,2,4,3,24,At-Risk
18287,34,1,1100.79,5,4,3,54,Champions
